id,id_arene,id_dresseur,date_combat,resultat
1,65,1,2024-01-31,Defaite
2,31,1,2021-11-04,Victoire
3,49,1,2021-07-20,Victoire
4,10,1,2023-01-07,Victoire
5,32,1,2021-12-24,Victoire
6,44,1,2020-05-01,Defaite
7,40,1,2022-09-18,Defaite
8,52,1,2022-11-12,Victoire
9,21,1,2019-10-07,Defaite
10,57,1,2022-01-10,Victoire
11,69,1,2019-08-11,Defaite
12,78,1,2023-02-26,Defaite
13,63,1,2022-08-06,Defaite
14,38,1,2023-12-12,Defaite
15,51,1,2019-02-15,Victoire
16,60,1,2023-11-26,Defaite
17,68,1,2021-07-19,Defaite
18,73,1,2023-12-14,Victoire
19,58,1,2024-03-26,Defaite
20,16,1,2019-05-25,Defaite
21,48,1,2021-01-31,Defaite
22,39,1,2024-07-25,Victoire
23,46,1,2019-01-11,Victoire
24,17,1,2022-08-30,Victoire
25,3,1,2024-01-25,Victoire
26,76,1,2021-07-12,Defaite
27,27,1,2019-11-16,Victoire
28,70,1,2022-11-11,Victoire
29,11,1,2019-04-15,Defaite
30,77,1,2024-04-15,Victoire
31,47,1,2020-08-29,Defaite
32,35,1,2021-11-14,Victoire
33,54,1,2021-09-12,Victoire
34,9,1,2023-11-20,Victoire
35,5,1,2020-11-07,Defaite
36,79,1,2023-04-22,Victoire
37,42,1,2021-10-28,Victoire
38,72,1,2024-07-28,Victoire
39,71,1,2022-02-12,Defaite
40,26,1,2019-12-03,Defaite
41,24,1,2019-01-29,Defaite
42,67,3,2021-06-26,Victoire
43,5,3,2023-12-29,Victoire
44,78,4,2019-08-23,Defaite
45,52,4,2023-01-24,Defaite
46,51,4,2019-12-18,Victoire
47,50,4,2021-02-06,Victoire
48,54,4,2020-06-23,Defaite
49,5,4,2019-03-19,Victoire
50,46,4,2019-10-22,Victoire
51,79,4,2024-03-04,Defaite
52,30,4,2020-08-17,Defaite
53,65,4,2024-08-22,Victoire
54,59,4,2019-08-21,Victoire
55,18,4,2022-06-11,Defaite
56,74,4,2019-08-23,Defaite
57,66,4,2021-04-16,Victoire
58,31,4,2024-09-11,Defaite
59,40,4,2023-02-03,Defaite
60,60,4,2019-05-16,Victoire
61,56,4,2024-02-25,Defaite
62,32,4,2020-08-07,Victoire
63,80,4,2024-08-31,Defaite
64,62,4,2020-02-09,Victoire
65,10,4,2021-01-23,Victoire
66,21,4,2021-04-01,Defaite
67,23,4,2019-09-28,Defaite
68,16,4,2022-10-02,Victoire
69,68,4,2023-01-06,Defaite
70,53,4,2020-10-31,Victoire
71,7,4,2022-02-19,Defaite
72,77,4,2020-06-20,Defaite
73,3,4,2024-02-01,Defaite
74,49,4,2023-04-12,Victoire
75,39,4,2024-04-01,Defaite
76,69,4,2023-06-16,Defaite
77,35,4,2024-06-27,Defaite
78,48,4,2022-07-26,Defaite
79,75,4,2024-08-08,Defaite
80,36,4,2021-07-11,Victoire
81,26,4,2023-02-22,Defaite
82,37,4,2023-02-27,Victoire
83,67,4,2021-11-21,Defaite
84,57,4,2019-07-29,Victoire
85,43,4,2019-08-24,Defaite
86,61,4,2019-08-17,Victoire
87,22,4,2022-12-06,Victoire
88,76,4,2021-08-20,Victoire
89,47,4,2023-02-18,Victoire
90,64,4,2022-09-23,Victoire
91,1,4,2021-07-25,Defaite
92,6,4,2020-02-10,Victoire
93,15,4,2020-02-09,Victoire
94,34,4,2024-05-16,Victoire
95,72,4,2019-07-16,Victoire
96,45,4,2020-08-14,Defaite
97,14,4,2019-05-07,Defaite
98,28,4,2022-10-30,Defaite
99,58,4,2020-11-30,Defaite
100,25,4,2019-07-21,Defaite
101,57,5,2020-11-04,Victoire
102,33,5,2020-10-26,Victoire
103,67,5,2024-02-19,Defaite
104,56,5,2019-12-06,Victoire
105,35,5,2024-01-26,Victoire
106,50,5,2024-03-22,Victoire
107,72,5,2022-04-29,Victoire
108,12,5,2021-11-16,Victoire
109,23,5,2021-11-19,Defaite
110,27,5,2019-08-19,Defaite
111,20,5,2021-10-04,Defaite
112,8,5,2021-10-01,Victoire
113,52,5,2019-05-13,Defaite
114,43,5,2020-06-30,Defaite
115,40,5,2023-12-28,Victoire
116,26,5,2021-10-09,Defaite
117,77,5,2019-08-26,Defaite
118,37,5,2022-05-18,Victoire
119,54,5,2021-06-21,Defaite
120,9,5,2021-10-07,Defaite
121,74,5,2022-10-25,Victoire
122,78,5,2019-01-25,Defaite
123,66,5,2020-09-28,Defaite
124,53,5,2021-05-26,Victoire
125,1,5,2021-07-04,Victoire
126,47,5,2024-03-21,Defaite
127,44,5,2020-05-28,Victoire
128,31,5,2022-12-02,Defaite
129,30,5,2019-12-23,Defaite
130,70,5,2021-11-19,Defaite
131,36,5,2022-01-17,Defaite
132,39,5,2023-11-13,Defaite
133,17,5,2023-01-16,Defaite
134,28,5,2023-04-13,Defaite
135,38,5,2020-07-17,Defaite
136,63,5,2020-06-18,Victoire
137,75,5,2023-01-19,Defaite
138,73,5,2021-11-05,Defaite
139,5,5,2020-09-08,Defaite
140,80,5,2020-02-04,Defaite
141,65,5,2021-09-17,Defaite
142,41,5,2019-09-24,Victoire
143,6,5,2022-12-19,Victoire
144,22,5,2023-09-02,Victoire
145,51,5,2024-04-14,Defaite
146,4,5,2020-07-09,Victoire
147,49,5,2019-11-21,Victoire
148,76,5,2024-05-05,Victoire
149,45,5,2021-03-14,Defaite
150,15,5,2024-06-22,Defaite
151,47,6,2021-04-06,Victoire
152,30,6,2020-07-01,Victoire
153,44,6,2022-02-11,Victoire
154,77,6,2021-02-04,Defaite
155,12,6,2022-05-15,Defaite
156,75,6,2023-10-16,Defaite
157,35,6,2019-05-31,Victoire
158,45,6,2022-12-08,Defaite
159,24,6,2019-03-04,Victoire
160,43,6,2019-06-08,Defaite
161,40,6,2024-06-01,Defaite
162,80,6,2020-09-21,Defaite
163,55,6,2022-07-01,Defaite
164,71,6,2023-04-06,Victoire
165,70,6,2020-01-08,Defaite
166,48,6,2019-12-22,Victoire
167,16,6,2022-10-12,Victoire
168,10,6,2023-03-10,Victoire
169,64,6,2019-03-30,Victoire
170,18,6,2020-06-08,Defaite
171,9,6,2022-11-17,Defaite
172,58,6,2019-03-11,Defaite
173,66,6,2019-04-01,Victoire
174,52,6,2022-02-03,Defaite
175,57,6,2019-04-13,Defaite
176,46,6,2020-08-08,Defaite
177,19,6,2022-01-29,Victoire
178,68,6,2024-09-09,Victoire
179,22,6,2023-10-17,Defaite
180,23,6,2023-08-08,Victoire
181,27,6,2024-03-20,Defaite
182,31,6,2021-01-26,Victoire
183,3,6,2023-08-06,Victoire
184,21,6,2020-12-24,Victoire
185,51,6,2021-12-20,Defaite
186,50,6,2024-04-18,Victoire
187,78,6,2023-03-25,Defaite
188,6,6,2022-05-06,Victoire
189,39,6,2024-05-05,Defaite
190,1,6,2019-04-05,Defaite
191,33,6,2023-12-07,Defaite
192,2,6,2020-04-02,Victoire
193,11,6,2019-02-21,Victoire
194,49,6,2019-12-08,Defaite
195,59,6,2021-07-16,Defaite
196,53,6,2021-01-26,Defaite
197,13,6,2019-07-24,Defaite
198,76,6,2023-02-16,Defaite
199,73,6,2024-04-29,Victoire
200,61,6,2019-10-17,Victoire
201,56,6,2023-01-31,Victoire
202,4,6,2019-03-29,Defaite
203,14,6,2022-07-23,Defaite
204,69,6,2024-05-18,Victoire
205,63,6,2022-04-09,Victoire
206,60,6,2024-08-10,Victoire
207,34,6,2021-11-05,Victoire
208,26,6,2019-08-08,Victoire
209,56,7,2019-01-27,Victoire
210,76,7,2024-01-29,Defaite
211,34,7,2019-06-01,Defaite
212,46,7,2019-08-19,Victoire
213,4,7,2019-12-19,Defaite
214,73,7,2019-05-28,Defaite
215,1,7,2020-03-23,Defaite
216,63,7,2020-02-07,Victoire
217,68,7,2022-10-09,Victoire
218,14,7,2020-07-24,Victoire
219,9,7,2021-10-06,Victoire
220,26,7,2021-08-29,Victoire
221,62,7,2024-04-21,Victoire
222,6,7,2021-02-16,Victoire
223,12,7,2022-08-26,Defaite
224,57,7,2022-04-06,Victoire
225,80,7,2022-12-30,Victoire
226,11,7,2021-11-21,Victoire
227,29,7,2023-10-17,Victoire
228,20,7,2021-09-21,Victoire
229,32,7,2019-07-16,Victoire
230,13,7,2020-01-25,Victoire
231,47,7,2021-11-16,Victoire
232,41,7,2022-04-28,Victoire
233,54,7,2020-10-02,Defaite
234,27,7,2019-03-10,Victoire
235,50,7,2023-02-17,Victoire
236,77,7,2022-03-12,Defaite
237,61,7,2022-08-19,Defaite
238,55,7,2023-01-30,Victoire
239,19,7,2021-08-05,Victoire
240,59,7,2021-08-20,Defaite
241,45,7,2024-02-20,Victoire
242,7,7,2020-05-08,Victoire
243,33,7,2020-06-01,Defaite
244,79,7,2023-05-06,Defaite
245,53,7,2021-04-28,Defaite
246,43,7,2022-03-12,Victoire
247,23,7,2024-04-08,Victoire
248,42,7,2020-12-24,Victoire
249,66,7,2020-11-01,Defaite
250,3,7,2019-10-08,Defaite
251,72,7,2019-09-19,Defaite
252,75,7,2019-11-18,Defaite
253,2,7,2023-01-04,Victoire
254,58,7,2023-09-15,Defaite
255,28,7,2021-05-04,Defaite
256,18,7,2021-06-21,Defaite
257,78,7,2022-10-01,Victoire
258,15,7,2021-01-29,Victoire
259,21,7,2021-03-28,Victoire
260,35,7,2024-03-12,Victoire
261,65,7,2020-09-18,Defaite
262,30,7,2023-02-07,Defaite
263,36,7,2021-05-15,Defaite
264,25,7,2022-01-28,Defaite
265,74,7,2023-02-24,Defaite
266,69,7,2023-02-24,Victoire
267,16,7,2020-09-03,Defaite
268,46,8,2022-10-24,Victoire
269,18,8,2024-05-03,Victoire
270,4,8,2019-09-17,Victoire
271,47,8,2021-04-14,Victoire
272,15,8,2021-08-20,Victoire
273,54,8,2023-10-12,Victoire
274,72,8,2020-08-23,Defaite
275,34,8,2022-01-16,Defaite
276,23,8,2022-03-15,Defaite
277,52,8,2023-07-31,Victoire
278,66,8,2022-11-23,Victoire
279,77,8,2020-07-17,Victoire
280,21,8,2019-05-30,Victoire
281,62,8,2019-08-17,Defaite
282,3,8,2019-12-24,Victoire
283,53,9,2020-02-28,Defaite
284,50,9,2020-03-12,Defaite
285,47,9,2019-10-31,Victoire
286,70,9,2020-07-29,Victoire
287,63,9,2019-03-14,Victoire
288,4,9,2019-04-09,Victoire
289,73,9,2020-12-17,Victoire
290,66,9,2021-05-07,Defaite
291,9,9,2024-08-20,Victoire
292,55,9,2020-07-10,Victoire
293,57,9,2022-04-24,Victoire
294,42,9,2019-05-27,Victoire
295,61,9,2020-12-20,Defaite
296,6,9,2021-08-21,Victoire
297,33,9,2023-06-15,Victoire
298,71,9,2019-03-02,Defaite
299,80,9,2022-03-27,Defaite
300,62,9,2021-12-30,Victoire
301,56,9,2022-09-30,Victoire
302,51,9,2023-05-06,Defaite
303,58,9,2023-09-20,Victoire
304,29,9,2021-11-10,Defaite
305,45,9,2024-05-25,Victoire
306,15,9,2024-06-26,Victoire
307,67,9,2021-05-18,Victoire
308,44,9,2020-09-23,Victoire
309,32,9,2020-01-09,Victoire
310,5,9,2022-06-28,Victoire
311,24,9,2020-08-11,Defaite
312,40,9,2021-10-05,Defaite
313,75,9,2019-10-05,Defaite
314,60,9,2022-12-27,Victoire
315,30,9,2022-07-03,Defaite
316,21,9,2023-04-14,Defaite
317,16,9,2021-04-13,Defaite
318,23,9,2022-09-11,Defaite
319,7,9,2023-02-23,Victoire
320,59,9,2019-12-18,Victoire
321,11,9,2022-05-28,Victoire
322,38,9,2022-01-29,Victoire
323,27,9,2022-04-10,Victoire
324,79,9,2020-03-28,Victoire
325,36,9,2023-05-03,Victoire
326,39,9,2022-01-09,Victoire
327,76,9,2020-01-05,Defaite
328,64,10,2020-11-05,Victoire
329,16,10,2021-05-16,Defaite
330,48,10,2021-04-08,Victoire
331,20,10,2020-12-03,Victoire
332,78,10,2024-03-31,Victoire
333,51,10,2021-10-11,Defaite
334,49,10,2021-12-25,Victoire
335,80,10,2021-10-08,Defaite
336,7,10,2021-09-05,Victoire
337,22,10,2023-06-10,Victoire
338,8,10,2024-05-24,Victoire
339,37,10,2023-11-07,Victoire
340,13,10,2023-11-02,Victoire
341,62,10,2023-06-08,Defaite
342,73,10,2021-06-03,Victoire
343,14,10,2020-05-21,Defaite
344,67,10,2020-10-31,Defaite
345,15,10,2021-01-20,Defaite
346,35,10,2024-05-28,Defaite
347,44,10,2022-05-23,Victoire
348,71,10,2023-02-15,Defaite
349,46,10,2019-09-16,Defaite
350,58,10,2022-09-09,Victoire
351,72,10,2020-08-04,Victoire
352,74,10,2020-10-21,Defaite
353,42,10,2022-12-22,Defaite
354,38,10,2024-04-20,Defaite
355,32,10,2019-03-04,Victoire
356,68,10,2021-10-08,Victoire
357,31,10,2021-01-25,Defaite
358,26,10,2020-01-29,Victoire
359,53,10,2020-10-14,Defaite
360,76,10,2020-10-12,Victoire
361,56,10,2024-03-06,Victoire
362,11,10,2019-10-12,Victoire
363,36,10,2024-04-18,Victoire
364,55,10,2023-10-30,Victoire
365,43,10,2024-03-30,Defaite
366,29,10,2019-05-03,Defaite
367,50,10,2019-03-15,Defaite
368,47,10,2021-08-25,Victoire
369,23,10,2023-05-25,Victoire
370,39,10,2020-03-23,Victoire
371,33,10,2021-08-31,Defaite
372,12,10,2019-08-05,Defaite
373,24,10,2019-10-05,Defaite
374,30,10,2022-12-28,Victoire
375,66,10,2024-08-10,Defaite
376,79,10,2023-10-11,Defaite
377,65,10,2022-06-16,Defaite
378,69,10,2021-05-26,Defaite
379,19,10,2019-10-02,Defaite
380,3,10,2024-09-11,Victoire
381,6,10,2023-10-15,Defaite
382,18,10,2020-08-02,Victoire
383,10,10,2019-09-01,Defaite
384,45,10,2023-09-25,Victoire
385,25,10,2024-02-10,Victoire
386,28,10,2024-01-22,Defaite
387,9,10,2020-04-18,Victoire
388,57,10,2022-08-16,Victoire
389,77,10,2019-05-21,Defaite
390,27,10,2021-04-08,Defaite
391,74,11,2021-04-01,Defaite
392,37,11,2024-08-17,Victoire
393,42,11,2020-05-22,Victoire
394,17,11,2023-05-15,Defaite
395,78,11,2021-07-20,Defaite
396,1,11,2021-05-24,Victoire
397,58,11,2023-04-14,Defaite
398,31,11,2020-06-09,Victoire
399,28,11,2022-09-24,Defaite
400,5,11,2024-06-17,Victoire
401,53,11,2023-05-21,Victoire
402,80,11,2020-06-16,Defaite
403,63,11,2022-09-03,Defaite
404,43,11,2019-03-08,Defaite
405,75,11,2023-01-15,Defaite
406,13,11,2023-03-03,Defaite
407,68,11,2021-03-16,Defaite
408,48,11,2021-08-13,Victoire
409,15,11,2021-08-10,Defaite
410,36,11,2023-11-30,Defaite
411,33,11,2020-07-24,Defaite
412,45,11,2019-07-25,Victoire
413,65,11,2021-06-01,Defaite
414,72,11,2020-10-01,Victoire
415,29,11,2023-08-10,Defaite
416,16,11,2023-11-24,Defaite
417,51,11,2021-08-21,Defaite
418,62,11,2023-06-07,Victoire
419,32,11,2024-05-26,Victoire
420,3,11,2023-10-25,Defaite
421,56,11,2024-07-18,Defaite
422,38,11,2023-12-23,Defaite
423,34,11,2023-03-10,Defaite
424,60,11,2020-11-17,Victoire
425,10,11,2022-11-08,Victoire
426,4,11,2022-06-17,Defaite
427,40,11,2019-06-24,Victoire
428,47,11,2020-08-19,Victoire
429,14,11,2022-06-29,Victoire
430,30,11,2020-11-08,Defaite
431,8,11,2021-02-24,Defaite
432,25,11,2023-03-08,Defaite
433,24,11,2021-01-26,Victoire
434,77,11,2024-03-19,Victoire
435,21,11,2024-07-14,Victoire
436,54,11,2024-03-05,Defaite
437,73,11,2024-08-04,Defaite
438,76,11,2021-03-21,Defaite
439,7,11,2019-08-25,Victoire
440,49,11,2023-05-26,Victoire
441,55,11,2023-10-07,Defaite
442,22,11,2022-06-11,Victoire
443,26,11,2021-05-24,Victoire
444,79,11,2024-04-03,Defaite
445,69,11,2021-03-05,Victoire
446,20,11,2019-11-14,Victoire
447,9,11,2019-03-19,Victoire
448,18,11,2019-07-19,Defaite
449,44,11,2020-12-27,Victoire
450,35,11,2019-09-26,Defaite
451,61,11,2021-02-22,Victoire
452,46,11,2022-09-30,Victoire
453,39,11,2019-11-27,Victoire
454,11,11,2021-05-08,Victoire
455,27,11,2024-06-12,Defaite
456,54,12,2019-01-16,Victoire
457,74,12,2021-11-18,Victoire
458,47,12,2019-08-30,Defaite
459,18,12,2021-07-06,Defaite
460,65,12,2021-11-30,Defaite
461,34,12,2021-08-06,Victoire
462,17,12,2021-04-16,Defaite
463,61,12,2022-06-11,Victoire
464,20,12,2024-06-18,Defaite
465,16,12,2024-06-06,Defaite
466,62,12,2020-11-08,Victoire
467,51,12,2021-04-24,Victoire
468,38,12,2021-03-02,Victoire
469,70,12,2019-09-07,Victoire
470,41,12,2023-07-14,Victoire
471,59,12,2021-05-12,Defaite
472,73,12,2022-09-09,Defaite
473,55,12,2020-07-27,Defaite
474,33,12,2023-12-22,Defaite
475,23,12,2020-01-23,Victoire
476,72,12,2019-10-07,Victoire
477,64,12,2021-05-31,Victoire
478,11,12,2021-12-02,Victoire
479,4,12,2023-12-14,Defaite
480,6,12,2024-04-13,Defaite
481,22,12,2022-01-25,Victoire
482,46,12,2019-09-24,Victoire
483,24,12,2019-09-09,Victoire
484,60,12,2019-12-28,Defaite
485,29,12,2021-10-15,Defaite
486,25,12,2020-01-05,Defaite
487,76,12,2021-01-07,Defaite
488,19,12,2020-11-16,Defaite
489,77,12,2021-08-27,Victoire
490,57,12,2019-04-01,Defaite
491,45,12,2020-04-24,Defaite
492,5,12,2022-12-06,Defaite
493,13,12,2021-05-02,Victoire
494,40,13,2021-07-25,Defaite
495,4,13,2020-02-29,Defaite
496,62,13,2022-02-25,Defaite
497,31,13,2023-07-08,Victoire
498,53,13,2019-08-20,Defaite
499,30,13,2022-12-14,Victoire
500,36,13,2022-01-15,Victoire
501,29,13,2023-06-17,Victoire
502,33,13,2020-09-03,Defaite
503,52,13,2020-09-13,Defaite
504,16,13,2023-11-01,Victoire
505,38,13,2024-05-10,Defaite
506,64,13,2023-12-13,Defaite
507,55,13,2019-07-22,Defaite
508,11,13,2020-06-21,Defaite
509,66,13,2023-10-25,Victoire
510,43,13,2024-06-10,Victoire
511,47,13,2024-07-10,Victoire
512,72,13,2019-08-10,Defaite
513,60,13,2022-04-21,Defaite
514,22,13,2021-11-01,Victoire
515,48,13,2020-07-24,Victoire
516,21,13,2019-02-21,Victoire
517,44,13,2019-08-16,Defaite
518,19,13,2022-02-13,Defaite
519,14,13,2019-08-22,Victoire
520,75,13,2022-10-28,Defaite
521,56,13,2020-09-03,Defaite
522,68,13,2020-06-27,Victoire
523,49,13,2019-03-13,Defaite
524,59,13,2023-10-01,Victoire
525,8,13,2019-10-28,Defaite
526,71,13,2019-06-21,Defaite
527,32,13,2021-06-09,Victoire
528,74,13,2020-11-20,Defaite
529,57,13,2020-12-01,Victoire
530,3,13,2023-10-06,Victoire
531,78,13,2020-04-27,Defaite
532,23,13,2019-04-23,Defaite
533,37,13,2024-03-01,Victoire
534,45,13,2021-03-22,Victoire
535,51,13,2021-08-08,Victoire
536,34,13,2019-10-20,Defaite
537,67,13,2024-04-17,Defaite
538,17,13,2020-03-23,Victoire
539,69,13,2020-07-22,Victoire
540,46,13,2022-05-22,Defaite
541,61,13,2023-06-01,Victoire
542,24,13,2023-12-29,Defaite
543,39,13,2020-02-05,Victoire
544,18,13,2022-08-19,Defaite
545,13,13,2024-07-15,Victoire
546,63,13,2019-02-10,Defaite
547,1,13,2020-02-16,Victoire
548,58,13,2021-05-05,Defaite
549,58,14,2021-10-10,Defaite
550,71,14,2020-12-24,Victoire
551,23,14,2019-02-11,Defaite
552,17,14,2019-01-03,Victoire
553,53,14,2020-08-16,Victoire
554,45,14,2021-04-23,Defaite
555,50,14,2020-12-04,Victoire
556,2,14,2020-08-03,Victoire
557,31,14,2019-09-20,Victoire
558,30,14,2024-06-01,Defaite
559,70,14,2024-09-01,Defaite
560,8,14,2022-08-31,Defaite
561,21,14,2020-10-26,Victoire
562,64,14,2019-07-14,Defaite
563,54,14,2023-04-10,Victoire
564,72,14,2020-04-05,Defaite
565,39,14,2021-09-25,Defaite
566,20,14,2024-05-17,Victoire
567,14,14,2024-04-12,Victoire
568,43,14,2022-06-29,Victoire
569,41,14,2024-08-16,Victoire
570,27,14,2021-05-04,Defaite
571,80,14,2024-09-03,Defaite
572,1,14,2022-07-26,Defaite
573,56,14,2021-08-11,Victoire
574,5,14,2022-08-12,Victoire
575,65,14,2022-10-01,Victoire
576,4,14,2019-03-04,Victoire
577,79,14,2022-01-08,Defaite
578,66,14,2020-08-15,Victoire
579,74,14,2022-11-16,Defaite
580,9,14,2020-01-17,Victoire
581,19,14,2024-06-01,Defaite
582,3,14,2021-12-06,Defaite
583,59,14,2023-01-03,Defaite
584,10,14,2022-10-10,Victoire
585,7,14,2020-07-31,Victoire
586,69,14,2024-04-15,Defaite
587,60,14,2023-12-03,Victoire
588,77,14,2020-03-22,Victoire
589,48,14,2021-07-30,Defaite
590,11,14,2022-08-25,Defaite
591,57,14,2022-06-19,Defaite
592,46,14,2022-04-12,Defaite
593,33,14,2021-05-27,Defaite
594,47,14,2020-03-08,Victoire
595,61,14,2022-03-03,Defaite
596,32,14,2021-05-28,Victoire
597,35,14,2023-10-25,Victoire
598,34,14,2024-07-27,Victoire
599,16,14,2023-03-30,Victoire
600,22,14,2023-12-06,Defaite
601,73,14,2023-08-26,Defaite
602,62,14,2021-07-12,Defaite
603,52,14,2022-12-25,Defaite
604,40,14,2023-03-11,Defaite
605,76,14,2023-05-20,Defaite
606,18,14,2021-10-10,Victoire
607,37,14,2019-10-22,Victoire
608,51,14,2020-08-07,Victoire
609,36,14,2024-03-23,Defaite
610,67,14,2020-03-27,Victoire
611,44,14,2021-07-02,Defaite
612,6,14,2021-03-24,Victoire
613,13,14,2021-09-17,Victoire
614,29,14,2020-02-04,Victoire
615,42,14,2021-05-06,Defaite
616,55,14,2021-03-22,Defaite
617,24,14,2023-12-25,Victoire
618,75,14,2019-07-22,Victoire
619,38,14,2023-08-29,Victoire
620,63,14,2024-01-02,Victoire
621,26,14,2020-10-14,Victoire
622,25,14,2021-11-05,Defaite
623,15,14,2019-12-07,Victoire
624,28,14,2022-02-24,Victoire
625,49,14,2019-10-28,Defaite
626,68,14,2020-10-22,Defaite
627,78,14,2022-11-29,Defaite
628,26,15,2020-12-28,Victoire
629,30,15,2019-07-11,Victoire
630,29,15,2023-04-26,Victoire
631,2,15,2019-12-01,Defaite
632,51,15,2021-08-05,Defaite
633,8,15,2022-08-26,Victoire
634,54,15,2019-05-09,Victoire
635,1,15,2019-02-17,Defaite
636,37,15,2023-07-19,Victoire
637,40,15,2022-11-18,Victoire
638,22,15,2021-07-20,Victoire
639,43,15,2023-06-27,Defaite
640,77,15,2020-07-21,Defaite
641,50,15,2021-04-13,Defaite
642,68,15,2020-03-30,Victoire
643,71,15,2023-10-18,Victoire
644,21,15,2022-10-26,Defaite
645,47,15,2021-01-23,Defaite
646,13,15,2020-05-24,Victoire
647,59,15,2022-11-09,Defaite
648,7,15,2021-10-05,Defaite
649,45,15,2021-02-24,Defaite
650,24,15,2019-12-12,Defaite
651,64,15,2022-01-25,Victoire
652,75,15,2022-12-03,Defaite
653,67,15,2019-11-04,Victoire
654,23,15,2023-02-20,Victoire
655,63,15,2019-07-20,Defaite
656,15,15,2020-11-18,Victoire
657,38,15,2019-12-25,Defaite
658,31,15,2019-11-08,Victoire
659,10,15,2020-04-07,Victoire
660,27,15,2024-08-31,Defaite
661,49,15,2021-12-12,Victoire
662,70,15,2020-04-06,Defaite
663,39,15,2024-06-13,Defaite
664,78,15,2021-08-17,Victoire
665,55,15,2020-08-20,Victoire
666,4,15,2019-10-23,Defaite
667,62,15,2021-05-10,Defaite
668,33,15,2023-03-14,Defaite
669,80,15,2021-01-06,Defaite
670,3,15,2021-09-12,Defaite
671,46,15,2022-04-12,Victoire
672,5,15,2020-01-30,Defaite
673,76,15,2024-03-20,Victoire
674,56,15,2024-01-28,Victoire
675,20,15,2020-04-30,Victoire
676,17,15,2019-01-01,Victoire
677,16,15,2019-01-21,Defaite
678,36,15,2020-10-15,Defaite
679,69,15,2019-06-18,Victoire
680,18,15,2020-09-19,Defaite
681,11,15,2023-10-28,Defaite
682,74,15,2023-11-23,Defaite
683,19,15,2022-04-24,Defaite
684,79,15,2023-09-01,Defaite
685,64,16,2022-04-19,Victoire
686,44,16,2024-01-18,Defaite
687,33,16,2020-11-06,Defaite
688,48,16,2023-09-08,Victoire
689,28,16,2024-04-04,Defaite
690,45,16,2019-04-30,Defaite
691,27,16,2019-02-12,Defaite
692,16,16,2022-01-21,Defaite
693,62,16,2022-09-18,Defaite
694,43,17,2022-12-29,Victoire
695,77,17,2024-01-30,Defaite
696,46,17,2020-10-30,Victoire
697,62,17,2024-02-08,Defaite
698,58,17,2022-02-25,Defaite
699,26,17,2024-01-03,Defaite
700,55,17,2019-11-02,Victoire
701,12,17,2020-03-18,Victoire
702,20,17,2020-02-29,Victoire
703,9,17,2019-11-16,Victoire
704,19,17,2019-01-30,Victoire
705,3,17,2024-02-28,Victoire
706,35,17,2020-07-03,Defaite
707,24,17,2023-08-19,Defaite
708,44,17,2021-05-27,Victoire
709,79,17,2020-07-08,Defaite
710,17,17,2021-08-16,Victoire
711,72,17,2019-07-29,Defaite
712,60,17,2019-11-28,Defaite
713,31,17,2020-04-07,Victoire
714,21,17,2021-10-31,Victoire
715,57,17,2022-12-26,Defaite
716,37,17,2022-09-09,Defaite
717,54,17,2023-09-24,Victoire
718,36,17,2020-04-14,Victoire
719,65,17,2023-03-02,Defaite
720,69,17,2019-09-09,Victoire
721,30,17,2023-08-11,Defaite
722,33,17,2024-05-19,Defaite
723,45,17,2020-07-31,Victoire
724,51,17,2021-03-11,Victoire
725,14,17,2020-11-29,Defaite
726,50,17,2023-10-31,Defaite
727,34,17,2021-06-23,Victoire
728,53,17,2022-09-06,Victoire
729,28,17,2023-05-21,Defaite
730,71,17,2020-04-20,Victoire
731,16,17,2020-02-18,Defaite
732,68,17,2019-10-11,Victoire
733,59,17,2023-07-20,Victoire
734,11,17,2020-09-18,Defaite
735,47,17,2021-06-21,Defaite
736,10,17,2019-04-29,Victoire
737,74,17,2021-09-16,Defaite
738,15,17,2019-07-12,Defaite
739,61,17,2021-04-08,Victoire
740,78,17,2023-01-20,Defaite
741,66,17,2022-12-04,Defaite
742,13,17,2024-02-16,Defaite
743,48,17,2021-08-22,Victoire
744,22,17,2022-10-10,Victoire
745,76,17,2019-11-12,Defaite
746,49,17,2024-04-29,Defaite
747,42,18,2020-10-19,Defaite
748,79,18,2022-04-08,Victoire
749,63,18,2024-08-06,Defaite
750,72,18,2020-08-01,Victoire
751,30,18,2022-07-22,Defaite
752,39,18,2020-10-25,Defaite
753,12,18,2020-07-11,Defaite
754,68,18,2022-03-13,Victoire
755,46,18,2023-11-12,Victoire
756,31,18,2024-01-12,Victoire
757,80,18,2021-02-03,Defaite
758,24,18,2019-10-23,Defaite
759,10,18,2023-06-19,Defaite
760,2,18,2020-09-10,Victoire
761,61,18,2019-08-13,Victoire
762,52,18,2021-07-27,Victoire
763,67,18,2022-05-08,Defaite
764,66,18,2020-12-13,Victoire
765,76,18,2023-11-03,Victoire
766,51,18,2021-02-15,Victoire
767,28,18,2019-02-24,Defaite
768,1,18,2020-06-30,Victoire
769,36,18,2019-05-30,Victoire
770,75,18,2021-08-21,Victoire
771,71,18,2020-03-09,Victoire
772,37,18,2020-10-24,Victoire
773,32,18,2021-11-18,Victoire
774,21,18,2021-09-10,Victoire
775,4,18,2022-03-03,Victoire
776,7,18,2020-10-11,Victoire
777,69,18,2019-07-01,Defaite
778,57,18,2021-05-05,Victoire
779,48,18,2019-10-23,Defaite
780,43,18,2024-08-30,Victoire
781,62,18,2019-12-03,Victoire
782,27,18,2020-08-28,Victoire
783,78,18,2021-05-06,Victoire
784,25,18,2020-01-03,Defaite
785,77,18,2021-05-08,Defaite
786,58,18,2019-11-09,Defaite
787,33,18,2020-10-09,Defaite
788,67,19,2021-12-03,Defaite
789,5,19,2024-05-19,Defaite
790,13,19,2021-10-27,Defaite
791,53,19,2022-11-02,Victoire
792,35,19,2024-03-22,Defaite
793,40,19,2020-06-28,Defaite
794,72,19,2022-05-15,Defaite
795,78,19,2023-07-04,Defaite
796,58,19,2023-09-25,Victoire
797,49,19,2020-12-27,Defaite
798,3,19,2023-11-29,Defaite
799,73,19,2022-08-31,Victoire
800,42,19,2021-10-04,Victoire
801,71,19,2023-10-17,Victoire
802,15,19,2019-01-24,Victoire
803,41,19,2023-05-23,Victoire
804,26,19,2024-03-07,Defaite
805,74,19,2021-09-09,Victoire
806,21,19,2019-10-20,Defaite
807,28,19,2021-10-05,Victoire
808,61,19,2020-10-23,Victoire
809,34,19,2023-08-31,Defaite
810,27,19,2020-06-18,Defaite
811,8,19,2020-12-02,Victoire
812,36,19,2022-12-09,Defaite
813,47,19,2019-10-24,Defaite
814,48,19,2021-08-31,Defaite
815,55,19,2020-12-23,Victoire
816,24,19,2020-03-19,Victoire
817,16,19,2020-11-26,Victoire
818,11,19,2023-03-21,Victoire
819,38,19,2019-05-24,Defaite
820,32,19,2023-07-03,Victoire
821,39,19,2019-06-27,Defaite
822,44,19,2024-01-08,Victoire
823,29,19,2023-03-19,Victoire
824,59,19,2022-04-17,Victoire
825,62,19,2024-04-24,Victoire
826,56,19,2019-11-23,Defaite
827,54,19,2023-04-20,Victoire
828,30,19,2024-05-27,Victoire
829,2,19,2019-07-18,Defaite
830,20,19,2021-08-09,Defaite
831,65,19,2019-12-20,Defaite
832,31,19,2021-01-04,Defaite
833,73,20,2024-07-13,Defaite
834,6,20,2023-02-28,Victoire
835,35,20,2022-09-19,Defaite
836,13,20,2019-07-18,Victoire
837,54,20,2020-05-03,Victoire
838,67,20,2023-11-07,Defaite
839,49,20,2024-05-12,Victoire
840,15,20,2022-02-14,Defaite
841,56,20,2021-04-13,Victoire
842,71,20,2021-04-19,Defaite
843,80,20,2024-08-14,Defaite
844,70,20,2021-03-06,Defaite
845,17,20,2024-01-03,Defaite
846,20,20,2023-02-27,Victoire
847,68,20,2022-12-23,Victoire
848,79,20,2023-09-03,Defaite
849,61,20,2019-06-04,Defaite
850,26,20,2021-10-24,Defaite
851,29,20,2020-07-09,Victoire
852,74,20,2019-07-31,Defaite
853,30,20,2021-05-05,Victoire
854,23,20,2020-08-15,Defaite
855,43,20,2020-08-05,Defaite
856,5,20,2019-01-01,Victoire
857,69,20,2019-03-05,Defaite
858,33,20,2021-07-25,Victoire
859,72,20,2020-06-23,Victoire
860,14,20,2021-01-29,Victoire
861,76,20,2022-11-10,Victoire
862,48,20,2022-08-10,Victoire
863,22,20,2022-01-27,Victoire
864,24,20,2021-10-11,Victoire
865,34,20,2024-04-07,Defaite
866,50,20,2020-06-15,Defaite
867,12,20,2023-09-26,Defaite
868,45,20,2024-01-26,Victoire
869,46,20,2019-02-13,Defaite
870,1,20,2021-05-28,Defaite
871,31,20,2023-05-15,Defaite
872,7,20,2020-06-10,Victoire
873,25,20,2023-09-04,Victoire
874,44,20,2020-07-02,Victoire
875,39,20,2022-09-16,Defaite
876,32,20,2020-02-11,Victoire
877,64,20,2019-09-06,Defaite
878,78,20,2019-11-18,Victoire
879,40,20,2021-02-06,Victoire
880,65,20,2021-02-09,Victoire
881,66,20,2022-02-01,Defaite
882,52,20,2019-07-15,Defaite
883,16,20,2022-10-24,Defaite
884,2,20,2023-03-08,Defaite
885,3,20,2020-02-15,Victoire
886,37,20,2021-09-25,Victoire
887,21,20,2020-05-13,Victoire
888,58,20,2023-11-03,Victoire
889,59,20,2019-07-20,Victoire
890,4,20,2023-07-23,Victoire
891,38,20,2021-03-14,Victoire
892,57,20,2019-09-13,Victoire
893,18,20,2021-02-15,Defaite
894,77,20,2023-05-19,Defaite
895,63,20,2019-09-17,Defaite
896,51,20,2019-05-26,Defaite
897,8,20,2020-07-03,Defaite
898,10,20,2024-06-01,Defaite
899,55,20,2019-06-06,Victoire
900,28,20,2020-08-21,Defaite
901,75,20,2023-08-23,Defaite
902,36,20,2019-04-07,Defaite
903,41,20,2019-03-21,Defaite
904,27,20,2022-10-05,Defaite
905,62,20,2021-05-28,Victoire
906,42,20,2021-06-08,Victoire
907,60,20,2021-02-28,Victoire
908,79,21,2022-02-20,Defaite
909,72,21,2020-09-28,Victoire
910,78,21,2024-01-29,Defaite
911,30,21,2019-12-13,Victoire
912,77,21,2020-02-29,Victoire
913,80,21,2020-10-24,Defaite
914,23,21,2024-08-26,Defaite
915,38,21,2019-10-09,Defaite
916,70,21,2024-01-29,Victoire
917,49,21,2021-06-14,Victoire
918,28,21,2021-12-30,Defaite
919,4,21,2023-06-07,Victoire
920,66,21,2022-03-20,Defaite
921,75,21,2021-05-28,Victoire
922,24,21,2021-10-05,Defaite
923,3,21,2023-06-01,Defaite
924,44,21,2021-02-22,Victoire
925,73,21,2020-01-24,Defaite
926,10,21,2022-09-13,Victoire
927,37,21,2021-05-13,Defaite
928,29,21,2020-05-21,Victoire
929,58,21,2021-12-08,Defaite
930,71,21,2023-04-25,Defaite
931,69,21,2021-07-30,Defaite
932,6,21,2022-03-14,Defaite
933,54,21,2022-10-08,Defaite
934,60,21,2020-10-28,Defaite
935,21,21,2022-07-11,Victoire
936,46,21,2020-03-13,Defaite
937,5,21,2022-10-05,Defaite
938,67,21,2021-11-12,Defaite
939,61,21,2023-07-31,Defaite
940,42,21,2022-06-21,Victoire
941,57,21,2019-08-04,Victoire
942,27,21,2023-06-01,Defaite
943,65,21,2021-10-04,Victoire
944,17,21,2021-06-28,Victoire
945,7,21,2022-03-28,Victoire
946,11,21,2021-02-12,Victoire
947,62,21,2023-12-06,Victoire
948,76,21,2020-07-25,Victoire
949,25,21,2020-02-14,Defaite
950,52,21,2019-07-21,Defaite
951,19,21,2020-09-26,Victoire
952,41,21,2020-09-11,Defaite
953,20,21,2019-10-11,Defaite
954,9,21,2019-08-26,Defaite
955,2,21,2024-03-23,Victoire
956,31,21,2020-01-25,Defaite
957,53,21,2020-10-10,Victoire
958,48,21,2024-03-13,Victoire
959,33,21,2019-10-25,Victoire
960,8,21,2021-03-27,Victoire
961,34,21,2022-08-04,Defaite
962,12,21,2021-09-03,Defaite
963,47,21,2022-06-10,Victoire
964,16,21,2024-02-08,Victoire
965,36,21,2024-04-08,Victoire
966,51,21,2019-08-25,Victoire
967,59,21,2020-07-05,Victoire
968,40,21,2019-03-05,Defaite
969,45,21,2024-03-14,Defaite
970,49,22,2024-08-20,Defaite
971,11,22,2024-05-04,Defaite
972,76,22,2020-08-09,Victoire
973,67,22,2020-06-07,Defaite
974,42,22,2021-01-11,Defaite
975,21,22,2022-06-23,Victoire
976,40,22,2021-08-04,Defaite
977,74,22,2021-05-22,Defaite
978,71,22,2022-05-26,Defaite
979,43,22,2020-12-12,Victoire
980,12,22,2022-10-17,Victoire
981,75,22,2023-01-07,Defaite
982,73,22,2022-01-31,Defaite
983,2,22,2023-12-28,Defaite
984,68,22,2020-01-11,Defaite
985,1,22,2021-05-11,Defaite
986,52,22,2022-03-07,Defaite
987,18,22,2023-08-21,Defaite
988,28,22,2022-06-29,Defaite
989,23,22,2022-02-03,Defaite
990,3,22,2020-01-24,Defaite
991,55,22,2019-01-30,Victoire
992,16,22,2021-02-20,Victoire
993,45,22,2019-08-31,Defaite
994,72,22,2019-10-22,Victoire
995,78,22,2019-01-27,Victoire
996,58,22,2024-07-16,Defaite
997,25,22,2024-02-12,Victoire
998,56,22,2019-07-03,Defaite
999,66,22,2020-05-02,Defaite
1000,41,22,2024-05-21,Defaite
1001,36,23,2021-08-30,Victoire
1002,52,23,2021-08-28,Defaite
1003,29,23,2019-11-09,Victoire
1004,19,23,2020-11-19,Defaite
1005,77,23,2024-03-27,Defaite
1006,41,23,2019-01-06,Victoire
1007,31,23,2023-06-11,Defaite
1008,72,23,2020-03-16,Defaite
1009,40,23,2021-03-28,Defaite
1010,22,23,2020-06-01,Victoire
1011,35,23,2021-07-31,Defaite
1012,42,23,2020-11-10,Victoire
1013,75,23,2021-10-22,Defaite
1014,57,23,2024-08-01,Victoire
1015,26,23,2023-02-07,Defaite
1016,14,23,2022-04-06,Defaite
1017,17,23,2023-03-30,Victoire
1018,21,23,2020-06-09,Defaite
1019,79,23,2023-08-25,Victoire
1020,24,24,2023-08-13,Victoire
1021,55,24,2023-03-12,Victoire
1022,38,24,2021-11-26,Defaite
1023,6,24,2019-12-01,Defaite
1024,59,24,2022-07-23,Victoire
1025,48,24,2021-05-25,Defaite
1026,66,24,2022-04-28,Defaite
1027,69,24,2024-05-11,Victoire
1028,45,24,2023-12-25,Defaite
1029,44,24,2021-01-11,Victoire
1030,71,24,2022-07-16,Victoire
1031,42,24,2021-07-16,Defaite
1032,73,24,2022-12-26,Victoire
1033,52,24,2021-07-01,Victoire
1034,63,24,2020-01-05,Victoire
1035,17,24,2022-09-13,Defaite
1036,31,24,2022-07-21,Defaite
1037,23,24,2020-09-19,Victoire
1038,76,24,2020-03-02,Defaite
1039,62,24,2022-10-02,Defaite
1040,57,24,2023-04-13,Defaite
1041,2,24,2023-08-25,Victoire
1042,19,24,2023-10-29,Defaite
1043,32,25,2022-03-03,Defaite
1044,68,25,2024-08-08,Victoire
1045,53,25,2021-12-11,Victoire
1046,10,25,2024-02-10,Victoire
1047,9,25,2022-07-26,Defaite
1048,39,25,2024-03-09,Defaite
1049,24,25,2019-07-04,Defaite
1050,31,25,2023-12-10,Victoire
1051,72,25,2021-02-13,Defaite
1052,58,25,2021-12-16,Victoire
1053,77,25,2020-05-12,Victoire
1054,65,25,2019-04-13,Defaite
1055,12,25,2024-09-13,Defaite
1056,25,25,2020-11-27,Victoire
1057,50,25,2022-02-27,Defaite
1058,33,25,2019-05-03,Victoire
1059,71,25,2024-03-09,Victoire
1060,51,25,2023-05-04,Victoire
1061,56,25,2020-12-23,Victoire
1062,44,25,2022-04-17,Defaite
1063,69,25,2024-02-19,Victoire
1064,23,25,2019-03-05,Defaite
1065,45,25,2020-11-01,Victoire
1066,6,25,2024-05-20,Victoire
1067,52,25,2024-06-02,Victoire
1068,19,25,2020-08-10,Victoire
1069,5,25,2020-09-06,Victoire
1070,42,25,2023-01-01,Victoire
1071,55,25,2019-03-17,Defaite
1072,75,25,2022-01-14,Victoire
1073,8,25,2019-08-28,Defaite
1074,80,25,2024-05-25,Defaite
1075,38,25,2023-02-14,Defaite
1076,48,25,2024-01-22,Victoire
1077,20,25,2024-07-10,Defaite
1078,43,25,2024-08-09,Defaite
1079,59,25,2021-05-20,Victoire
1080,46,25,2024-03-04,Victoire
1081,17,25,2021-10-09,Defaite
1082,79,25,2022-08-15,Defaite
1083,47,25,2023-03-16,Defaite
1084,49,25,2022-06-23,Defaite
1085,2,25,2021-09-03,Victoire
1086,40,25,2019-06-06,Defaite
1087,15,25,2023-02-24,Victoire
1088,1,25,2024-01-11,Victoire
1089,73,25,2021-11-12,Defaite
1090,70,25,2021-05-14,Defaite
1091,66,25,2022-12-21,Victoire
1092,35,25,2019-09-12,Defaite
1093,14,25,2024-04-04,Defaite
1094,61,25,2024-05-15,Defaite
1095,28,25,2024-02-28,Defaite
1096,76,25,2020-05-19,Defaite
1097,3,25,2022-01-18,Victoire
1098,78,25,2021-04-02,Victoire
1099,30,25,2023-02-16,Victoire
1100,25,26,2021-03-13,Defaite
1101,39,26,2019-01-05,Victoire
1102,59,26,2021-01-25,Victoire
1103,30,26,2021-04-01,Victoire
1104,69,26,2021-06-19,Victoire
1105,11,26,2021-08-05,Defaite
1106,65,26,2023-09-01,Defaite
1107,36,26,2020-02-11,Defaite
1108,21,26,2019-07-18,Defaite
1109,23,26,2023-04-17,Victoire
1110,48,26,2023-11-01,Victoire
1111,28,26,2024-07-26,Victoire
1112,10,26,2021-09-02,Victoire
1113,19,26,2020-09-07,Victoire
1114,29,26,2020-12-26,Defaite
1115,27,26,2020-02-09,Victoire
1116,27,27,2023-11-20,Victoire
1117,73,27,2022-06-03,Victoire
1118,5,27,2020-08-27,Defaite
1119,14,27,2023-04-09,Victoire
1120,35,27,2020-07-30,Defaite
1121,72,27,2020-03-30,Defaite
1122,12,27,2023-02-27,Defaite
1123,13,27,2021-09-13,Defaite
1124,58,27,2024-08-07,Defaite
1125,28,27,2020-11-01,Defaite
1126,79,27,2020-07-15,Victoire
1127,57,27,2022-09-17,Defaite
1128,59,27,2021-12-15,Victoire
1129,56,27,2019-01-12,Defaite
1130,33,27,2021-04-03,Defaite
1131,64,27,2021-09-30,Defaite
1132,49,27,2020-04-20,Defaite
1133,41,27,2019-07-08,Defaite
1134,61,27,2019-11-30,Victoire
1135,65,27,2019-06-07,Defaite
1136,9,28,2019-03-01,Victoire
1137,48,28,2024-04-07,Defaite
1138,4,28,2019-01-22,Defaite
1139,49,28,2021-07-12,Defaite
1140,36,28,2023-09-12,Victoire
1141,8,28,2024-03-16,Defaite
1142,11,28,2020-02-11,Defaite
1143,17,28,2022-06-13,Victoire
1144,37,28,2023-04-17,Defaite
1145,65,28,2021-11-02,Defaite
1146,57,28,2021-07-08,Defaite
1147,41,28,2020-05-28,Defaite
1148,12,28,2019-06-29,Defaite
1149,1,28,2023-05-10,Victoire
1150,74,28,2021-08-18,Defaite
1151,46,28,2019-08-05,Defaite
1152,27,28,2020-07-30,Victoire
1153,2,28,2023-12-09,Victoire
1154,78,28,2023-08-22,Defaite
1155,26,28,2021-01-31,Victoire
1156,39,28,2019-12-08,Defaite
1157,18,28,2020-08-16,Victoire
1158,79,28,2019-05-05,Victoire
1159,60,28,2020-04-20,Victoire
1160,13,28,2020-06-09,Defaite
1161,76,28,2023-09-06,Defaite
1162,20,28,2022-05-06,Defaite
1163,51,28,2022-11-13,Victoire
1164,35,28,2024-01-07,Defaite
1165,55,28,2021-04-07,Defaite
1166,21,28,2020-10-03,Defaite
1167,15,28,2021-12-22,Victoire
1168,68,28,2022-09-11,Victoire
1169,75,28,2023-06-21,Defaite
1170,24,28,2024-07-17,Victoire
1171,71,28,2021-08-02,Victoire
1172,67,28,2020-10-22,Victoire
1173,29,28,2022-01-14,Victoire
1174,19,28,2023-04-20,Defaite
1175,30,28,2021-09-28,Defaite
1176,28,28,2023-12-15,Defaite
1177,45,28,2024-05-08,Victoire
1178,54,28,2021-07-03,Victoire
1179,10,28,2024-09-08,Defaite
1180,33,28,2021-10-09,Defaite
1181,31,28,2020-09-02,Victoire
1182,47,28,2021-05-04,Victoire
1183,22,28,2021-06-09,Victoire
1184,69,28,2019-09-10,Victoire
1185,14,28,2022-03-06,Defaite
1186,72,28,2022-11-25,Victoire
1187,50,28,2019-08-01,Victoire
1188,38,28,2023-02-27,Defaite
1189,80,28,2023-07-27,Defaite
1190,6,28,2021-01-22,Victoire
1191,34,28,2019-11-18,Defaite
1192,59,28,2019-01-21,Defaite
1193,58,28,2021-12-22,Defaite
1194,5,28,2019-01-12,Defaite
1195,7,28,2020-11-16,Defaite
1196,56,29,2020-05-23,Defaite
1197,47,29,2022-10-09,Victoire
1198,12,29,2021-06-01,Victoire
1199,40,29,2021-06-02,Defaite
1200,51,29,2023-06-29,Defaite
1201,35,29,2024-06-15,Defaite
1202,60,29,2021-06-08,Victoire
1203,68,29,2020-01-08,Defaite
1204,61,29,2021-06-09,Defaite
1205,17,29,2021-09-18,Defaite
1206,31,29,2024-05-19,Defaite
1207,24,29,2023-05-02,Defaite
1208,8,29,2020-07-11,Victoire
1209,25,29,2021-11-19,Victoire
1210,75,29,2022-04-12,Victoire
1211,59,29,2023-10-05,Defaite
1212,21,29,2019-04-13,Defaite
1213,62,29,2020-12-05,Victoire
1214,26,29,2023-09-23,Victoire
1215,45,29,2023-10-08,Defaite
1216,22,29,2024-03-28,Defaite
1217,54,29,2019-12-04,Defaite
1218,65,29,2019-11-30,Victoire
1219,46,29,2022-07-04,Victoire
1220,76,29,2023-10-03,Victoire
1221,49,29,2023-02-17,Defaite
1222,11,29,2023-07-31,Victoire
1223,23,29,2020-05-10,Victoire
1224,67,29,2022-12-04,Defaite
1225,14,29,2020-03-15,Victoire
1226,79,29,2022-04-23,Defaite
1227,27,29,2024-07-04,Defaite
1228,9,29,2022-08-17,Victoire
1229,44,29,2024-05-03,Defaite
1230,36,29,2021-04-30,Defaite
1231,77,29,2021-01-17,Defaite
1232,3,29,2020-02-25,Defaite
1233,20,29,2021-08-19,Victoire
1234,32,29,2024-06-15,Victoire
1235,1,29,2024-08-14,Victoire
1236,69,29,2019-02-07,Defaite
1237,50,29,2021-08-08,Victoire
1238,52,29,2022-05-08,Defaite
1239,2,29,2023-12-25,Defaite
1240,57,29,2024-06-03,Defaite
1241,55,29,2024-07-29,Victoire
1242,5,29,2024-04-29,Defaite
1243,41,29,2021-11-30,Defaite
1244,16,29,2021-12-28,Victoire
1245,58,29,2023-08-09,Defaite
1246,4,29,2019-07-06,Defaite
1247,18,29,2024-08-05,Defaite
1248,63,29,2024-01-18,Defaite
1249,38,29,2019-06-20,Victoire
1250,78,29,2019-11-11,Defaite
1251,39,29,2022-06-22,Victoire
1252,15,29,2020-08-27,Defaite
1253,66,29,2023-12-17,Defaite
1254,70,29,2019-01-20,Victoire
1255,43,29,2021-08-12,Victoire
1256,80,29,2021-10-17,Victoire
1257,7,29,2020-03-17,Victoire
1258,71,29,2019-11-24,Defaite
1259,34,29,2021-09-08,Victoire
1260,74,29,2021-08-13,Victoire
1261,72,29,2020-03-15,Defaite
1262,6,29,2024-03-27,Victoire
1263,64,29,2021-08-17,Defaite
1264,33,29,2022-12-04,Defaite
1265,29,29,2024-07-10,Victoire
1266,73,29,2022-06-08,Victoire
1267,30,29,2022-03-15,Victoire
1268,7,30,2019-02-25,Victoire
1269,58,30,2019-08-18,Defaite
1270,12,30,2022-09-08,Victoire
1271,18,30,2022-11-01,Victoire
1272,74,30,2022-06-23,Victoire
1273,2,30,2023-02-24,Victoire
1274,15,30,2022-02-11,Victoire
1275,64,30,2024-07-27,Defaite
1276,24,30,2019-11-30,Defaite
1277,52,30,2021-03-01,Victoire
1278,78,30,2023-06-03,Defaite
1279,43,30,2022-06-26,Defaite
1280,67,30,2021-12-08,Victoire
1281,80,30,2022-09-28,Defaite
1282,45,30,2021-09-19,Defaite
1283,70,30,2021-02-21,Defaite
1284,8,30,2020-10-26,Victoire
1285,25,30,2023-05-17,Victoire
1286,20,30,2021-05-01,Victoire
1287,14,30,2019-12-08,Defaite
1288,26,30,2020-09-17,Defaite
1289,16,30,2021-06-27,Victoire
1290,40,30,2019-09-26,Victoire
1291,72,30,2021-08-04,Victoire
1292,75,30,2019-03-30,Defaite
1293,22,30,2019-12-19,Victoire
1294,34,30,2024-06-01,Victoire
1295,23,30,2022-08-01,Victoire
1296,30,30,2019-02-06,Victoire
1297,44,30,2021-08-19,Defaite
1298,54,30,2022-03-15,Defaite
1299,63,30,2022-07-17,Victoire
1300,6,30,2021-11-20,Victoire
1301,60,30,2023-12-30,Victoire
1302,65,30,2019-03-21,Victoire
1303,69,30,2023-01-09,Defaite
1304,10,30,2023-12-16,Victoire
1305,48,30,2020-08-12,Victoire
1306,50,30,2019-03-13,Defaite
1307,55,30,2021-02-22,Defaite
1308,41,30,2023-02-25,Defaite
1309,49,30,2020-11-04,Victoire
1310,13,30,2022-03-23,Defaite
1311,4,30,2019-03-08,Defaite
1312,59,30,2019-10-17,Defaite
1313,68,30,2024-08-09,Victoire
1314,35,30,2024-07-06,Victoire
1315,17,30,2020-02-07,Victoire
1316,3,30,2023-09-11,Victoire
1317,32,30,2022-03-09,Defaite
1318,42,30,2022-04-07,Defaite
1319,47,30,2021-02-12,Defaite
1320,51,30,2023-01-05,Victoire
1321,77,30,2021-12-29,Defaite
1322,39,30,2023-04-15,Victoire
1323,19,30,2022-03-31,Victoire
1324,48,31,2022-05-30,Defaite
1325,2,31,2024-01-09,Defaite
1326,12,31,2024-02-14,Victoire
1327,9,31,2020-12-08,Defaite
1328,10,31,2023-11-26,Victoire
1329,37,31,2019-10-23,Defaite
1330,22,31,2022-04-20,Victoire
1331,42,31,2019-08-11,Victoire
1332,35,31,2019-01-03,Victoire
1333,73,31,2019-02-24,Defaite
1334,50,31,2020-02-10,Defaite
1335,55,31,2021-09-27,Victoire
1336,69,31,2022-08-02,Defaite
1337,34,31,2023-01-08,Defaite
1338,27,31,2019-08-31,Defaite
1339,6,31,2023-01-27,Defaite
1340,20,31,2019-08-25,Victoire
1341,58,31,2024-07-13,Defaite
1342,33,31,2020-05-09,Victoire
1343,76,31,2022-01-12,Victoire
1344,41,31,2023-12-10,Defaite
1345,71,31,2020-11-25,Defaite
1346,26,31,2022-06-11,Victoire
1347,28,31,2024-06-27,Victoire
1348,53,31,2022-01-01,Victoire
1349,54,31,2024-06-19,Defaite
1350,66,31,2023-04-24,Victoire
1351,23,31,2019-07-13,Victoire
1352,21,31,2022-02-19,Defaite
1353,3,31,2022-06-14,Defaite
1354,40,31,2022-08-15,Victoire
1355,11,31,2020-05-28,Defaite
1356,80,31,2023-05-13,Defaite
1357,47,31,2021-12-12,Defaite
1358,60,31,2023-05-02,Defaite
1359,67,31,2020-09-12,Defaite
1360,63,31,2020-08-30,Victoire
1361,25,31,2023-10-05,Victoire
1362,77,31,2023-11-03,Defaite
1363,16,31,2020-06-02,Victoire
1364,51,31,2019-10-03,Defaite
1365,14,31,2020-12-29,Defaite
1366,79,31,2022-08-18,Victoire
1367,43,31,2023-05-14,Defaite
1368,29,31,2024-08-12,Victoire
1369,4,31,2019-09-16,Defaite
1370,68,31,2019-12-31,Defaite
1371,74,31,2024-06-27,Defaite
1372,57,31,2022-02-07,Defaite
1373,64,31,2020-07-02,Victoire
1374,59,31,2019-07-06,Defaite
1375,52,31,2020-06-06,Victoire
1376,31,32,2021-03-24,Victoire
1377,29,32,2019-10-26,Victoire
1378,58,32,2020-10-20,Defaite
1379,62,32,2020-04-13,Victoire
1380,41,32,2024-02-28,Defaite
1381,69,32,2019-12-20,Victoire
1382,67,32,2020-03-19,Victoire
1383,70,32,2023-08-09,Victoire
1384,54,32,2019-05-24,Defaite
1385,49,32,2022-07-22,Defaite
1386,66,32,2019-09-13,Victoire
1387,8,32,2023-11-25,Defaite
1388,78,32,2022-11-28,Defaite
1389,39,32,2024-02-26,Defaite
1390,38,32,2022-07-10,Defaite
1391,33,32,2023-09-24,Defaite
1392,1,32,2022-08-17,Defaite
1393,28,32,2020-06-11,Defaite
1394,32,32,2019-07-24,Defaite
1395,57,32,2019-07-05,Defaite
1396,26,33,2022-04-06,Defaite
1397,76,33,2019-11-22,Defaite
1398,15,33,2022-09-16,Victoire
1399,17,33,2021-02-11,Victoire
1400,37,33,2023-07-14,Victoire
1401,41,33,2023-08-03,Defaite
1402,9,33,2022-10-02,Defaite
1403,57,33,2020-08-28,Defaite
1404,53,33,2022-08-04,Defaite
1405,19,33,2023-12-30,Victoire
1406,14,33,2023-05-10,Defaite
1407,33,33,2021-07-25,Victoire
1408,62,33,2021-05-12,Defaite
1409,77,33,2020-03-07,Defaite
1410,18,33,2022-12-07,Victoire
1411,69,33,2023-05-11,Defaite
1412,11,33,2020-12-03,Victoire
1413,2,33,2021-06-25,Defaite
1414,34,33,2019-05-26,Victoire
1415,13,33,2022-04-07,Defaite
1416,27,33,2024-02-21,Defaite
1417,61,33,2019-03-14,Defaite
1418,16,33,2019-12-05,Defaite
1419,79,33,2024-04-03,Defaite
1420,32,33,2022-03-19,Defaite
1421,46,33,2023-07-29,Victoire
1422,42,33,2020-07-25,Victoire
1423,70,33,2023-08-21,Victoire
1424,1,33,2023-10-28,Defaite
1425,60,33,2019-01-19,Victoire
1426,66,33,2022-09-30,Victoire
1427,54,33,2022-11-12,Victoire
1428,12,33,2024-01-01,Defaite
1429,4,33,2023-08-28,Victoire
1430,80,33,2024-02-17,Defaite
1431,35,33,2022-10-03,Victoire
1432,64,33,2023-03-03,Victoire
1433,44,33,2023-05-18,Defaite
1434,68,33,2023-02-15,Defaite
1435,23,33,2023-02-14,Defaite
1436,25,33,2022-01-09,Defaite
1437,63,33,2020-04-04,Victoire
1438,21,33,2022-12-30,Defaite
1439,52,33,2024-03-28,Defaite
1440,20,33,2020-12-05,Victoire
1441,38,33,2020-04-22,Defaite
1442,8,33,2024-08-31,Victoire
1443,59,33,2022-03-16,Defaite
1444,10,33,2022-01-18,Defaite
1445,71,33,2022-04-06,Defaite
1446,78,33,2022-12-09,Defaite
1447,22,33,2022-11-03,Defaite
1448,72,33,2022-08-30,Victoire
1449,37,34,2023-10-19,Victoire
1450,58,34,2022-11-19,Defaite
1451,14,34,2021-04-20,Defaite
1452,73,34,2023-09-18,Victoire
1453,40,34,2022-09-23,Victoire
1454,80,34,2023-09-26,Defaite
1455,76,34,2020-11-01,Victoire
1456,2,34,2022-11-14,Defaite
1457,49,34,2019-09-29,Victoire
1458,67,34,2023-05-11,Defaite
1459,71,34,2022-09-05,Victoire
1460,18,34,2019-11-28,Defaite
1461,19,34,2024-05-01,Defaite
1462,44,34,2024-07-24,Defaite
1463,61,34,2022-05-13,Victoire
1464,41,34,2020-11-03,Defaite
1465,20,34,2023-09-17,Defaite
1466,42,34,2021-12-14,Victoire
1467,13,34,2019-09-14,Victoire
1468,22,34,2022-01-09,Defaite
1469,32,34,2023-10-14,Victoire
1470,50,34,2023-04-20,Defaite
1471,7,34,2022-06-18,Victoire
1472,31,34,2024-02-14,Defaite
1473,52,34,2024-01-16,Defaite
1474,9,34,2019-03-04,Victoire
1475,39,34,2022-09-26,Victoire
1476,36,34,2019-06-02,Victoire
1477,59,34,2019-08-21,Victoire
1478,33,34,2023-01-12,Victoire
1479,43,34,2021-04-05,Victoire
1480,26,34,2022-10-04,Victoire
1481,29,34,2021-05-18,Victoire
1482,5,34,2019-12-06,Victoire
1483,68,34,2024-01-09,Defaite
1484,72,34,2019-06-15,Victoire
1485,48,34,2022-06-16,Defaite
1486,78,34,2024-02-18,Victoire
1487,20,35,2019-01-18,Victoire
1488,60,35,2019-05-12,Defaite
1489,75,35,2020-12-31,Victoire
1490,13,35,2022-10-12,Victoire
1491,51,35,2023-07-31,Defaite
1492,22,35,2023-11-08,Defaite
1493,39,35,2021-03-04,Victoire
1494,46,35,2021-12-29,Defaite
1495,47,35,2024-01-16,Defaite
1496,68,35,2019-08-13,Victoire
1497,24,35,2024-02-19,Victoire
1498,19,35,2023-05-18,Victoire
1499,23,35,2019-12-01,Defaite
1500,2,36,2019-09-19,Defaite
1501,26,36,2022-09-20,Victoire
1502,57,36,2020-09-25,Defaite
1503,69,36,2023-04-04,Victoire
1504,45,36,2021-09-29,Defaite
1505,38,36,2019-12-15,Defaite
1506,5,36,2020-07-17,Defaite
1507,79,36,2021-03-10,Defaite
1508,74,36,2020-01-05,Defaite
1509,25,36,2023-12-30,Victoire
1510,36,36,2024-01-05,Defaite
1511,68,36,2019-01-07,Victoire
1512,3,36,2022-07-27,Defaite
1513,58,36,2020-09-08,Victoire
1514,39,36,2024-01-25,Defaite
1515,17,36,2020-12-25,Victoire
1516,61,36,2023-11-29,Victoire
1517,67,36,2023-04-27,Victoire
1518,66,36,2019-04-09,Defaite
1519,21,36,2023-09-02,Defaite
1520,71,36,2021-04-26,Defaite
1521,30,36,2024-05-05,Defaite
1522,53,36,2019-08-20,Victoire
1523,29,36,2019-11-17,Victoire
1524,37,36,2022-07-25,Defaite
1525,42,36,2019-09-13,Victoire
1526,65,36,2020-09-10,Victoire
1527,19,36,2024-05-04,Victoire
1528,52,36,2021-09-01,Victoire
1529,43,36,2019-04-10,Defaite
1530,76,36,2023-02-28,Defaite
1531,35,36,2022-04-01,Defaite
1532,64,36,2022-12-29,Defaite
1533,33,36,2023-04-20,Victoire
1534,55,36,2024-03-19,Defaite
1535,48,36,2019-12-20,Defaite
1536,27,36,2021-04-29,Victoire
1537,77,36,2020-11-01,Victoire
1538,73,36,2019-03-07,Victoire
1539,59,36,2022-06-19,Defaite
1540,18,36,2019-10-13,Victoire
1541,16,36,2023-01-02,Defaite
1542,75,36,2023-02-18,Victoire
1543,62,36,2023-08-16,Victoire
1544,13,36,2021-05-27,Victoire
1545,24,36,2020-05-05,Victoire
1546,6,36,2024-04-10,Victoire
1547,11,36,2022-09-15,Defaite
1548,78,36,2020-06-04,Defaite
1549,1,36,2020-05-20,Victoire
1550,20,36,2021-03-23,Defaite
1551,70,36,2019-10-15,Victoire
1552,80,36,2024-07-01,Victoire
1553,28,36,2024-08-31,Victoire
1554,50,36,2022-05-22,Victoire
1555,56,36,2023-06-22,Victoire
1556,12,36,2019-08-16,Victoire
1557,72,36,2022-11-04,Defaite
1558,44,36,2024-08-14,Victoire
1559,46,36,2023-04-26,Defaite
1560,15,36,2023-12-08,Defaite
1561,19,37,2023-04-18,Victoire
1562,32,37,2019-09-02,Defaite
1563,63,37,2023-12-27,Victoire
1564,31,37,2021-12-05,Victoire
1565,56,37,2024-06-21,Victoire
1566,40,37,2020-11-27,Victoire
1567,37,37,2022-10-27,Victoire
1568,9,37,2020-01-20,Victoire
1569,28,37,2023-12-20,Defaite
1570,66,37,2024-02-21,Victoire
1571,68,37,2023-03-03,Defaite
1572,44,37,2022-02-05,Defaite
1573,57,37,2021-03-19,Defaite
1574,79,37,2020-07-12,Victoire
1575,11,37,2019-12-01,Victoire
1576,18,37,2019-02-22,Defaite
1577,58,37,2024-04-19,Defaite
1578,38,37,2023-06-01,Victoire
1579,6,37,2022-11-02,Defaite
1580,70,37,2022-12-22,Defaite
1581,23,37,2022-08-05,Victoire
1582,41,37,2020-02-16,Defaite
1583,1,37,2024-04-22,Defaite
1584,17,37,2019-09-20,Victoire
1585,3,37,2021-01-12,Defaite
1586,54,37,2024-02-05,Victoire
1587,42,37,2019-06-26,Defaite
1588,48,37,2020-12-17,Victoire
1589,36,37,2021-09-13,Victoire
1590,15,37,2021-04-14,Defaite
1591,75,37,2024-03-15,Victoire
1592,53,37,2022-12-22,Defaite
1593,26,37,2020-07-05,Victoire
1594,65,37,2023-05-13,Victoire
1595,77,37,2021-08-04,Victoire
1596,73,37,2021-08-05,Victoire
1597,39,37,2024-01-19,Defaite
1598,2,37,2023-09-13,Victoire
1599,21,37,2024-04-03,Victoire
1600,59,37,2021-08-08,Victoire
1601,60,37,2019-04-03,Defaite
1602,10,37,2022-06-03,Defaite
1603,27,37,2020-12-11,Defaite
1604,29,37,2022-01-08,Defaite
1605,78,37,2023-10-05,Victoire
1606,46,37,2023-01-29,Victoire
1607,74,37,2024-09-01,Victoire
1608,43,37,2023-03-13,Defaite
1609,55,37,2023-06-29,Defaite
1610,51,37,2024-08-02,Victoire
1611,16,37,2021-11-11,Defaite
1612,22,37,2020-01-19,Victoire
1613,62,37,2019-05-07,Defaite
1614,13,37,2019-04-10,Defaite
1615,61,37,2021-09-12,Victoire
1616,25,37,2020-06-03,Defaite
1617,76,37,2024-05-15,Defaite
1618,50,37,2020-07-27,Victoire
1619,34,37,2024-06-07,Victoire
1620,64,37,2022-01-28,Defaite
1621,69,37,2022-06-15,Victoire
1622,67,37,2022-12-30,Victoire
1623,45,37,2021-01-14,Victoire
1624,72,37,2021-01-02,Defaite
1625,4,37,2024-05-30,Defaite
1626,5,37,2022-07-31,Victoire
1627,8,37,2022-11-14,Defaite
1628,12,37,2019-02-27,Victoire
1629,35,37,2024-02-28,Defaite
1630,24,37,2019-12-27,Defaite
1631,47,37,2021-09-23,Victoire
1632,80,37,2024-09-12,Defaite
1633,20,38,2019-09-21,Defaite
1634,22,38,2019-03-28,Victoire
1635,78,38,2019-09-17,Victoire
1636,75,38,2019-12-11,Defaite
1637,18,38,2024-06-26,Defaite
1638,35,38,2022-01-10,Defaite
1639,51,38,2021-01-13,Victoire
1640,36,38,2019-06-25,Defaite
1641,63,38,2019-03-01,Victoire
1642,19,38,2019-10-08,Victoire
1643,42,38,2022-10-29,Victoire
1644,65,38,2023-08-17,Victoire
1645,80,38,2019-09-06,Victoire
1646,6,38,2021-01-23,Victoire
1647,62,38,2022-06-07,Defaite
1648,3,38,2019-03-03,Victoire
1649,1,38,2021-08-01,Defaite
1650,50,38,2024-05-20,Victoire
1651,58,38,2021-07-05,Defaite
1652,21,38,2023-01-09,Defaite
1653,69,38,2019-10-22,Defaite
1654,67,38,2020-11-19,Defaite
1655,15,38,2023-01-27,Victoire
1656,7,38,2021-09-03,Victoire
1657,32,39,2020-07-10,Defaite
1658,68,39,2022-07-30,Defaite
1659,61,39,2021-08-22,Victoire
1660,49,39,2022-03-17,Defaite
1661,30,39,2020-09-22,Victoire
1662,54,39,2023-02-06,Victoire
1663,31,39,2023-03-26,Victoire
1664,51,39,2022-01-27,Defaite
1665,18,39,2022-02-06,Defaite
1666,71,39,2024-05-14,Defaite
1667,10,39,2019-05-06,Victoire
1668,65,39,2023-08-02,Victoire
1669,62,39,2019-07-16,Victoire
1670,26,39,2019-08-25,Defaite
1671,16,39,2023-09-21,Defaite
1672,24,39,2024-05-23,Victoire
1673,39,39,2022-04-19,Defaite
1674,60,39,2019-04-13,Defaite
1675,37,39,2024-04-02,Defaite
1676,3,39,2020-02-06,Victoire
1677,52,39,2021-07-22,Defaite
1678,66,39,2022-11-04,Victoire
1679,23,39,2020-06-25,Victoire
1680,36,39,2022-12-20,Defaite
1681,74,39,2022-04-06,Defaite
1682,77,39,2019-08-21,Victoire
1683,47,39,2024-08-27,Defaite
1684,8,39,2019-03-18,Victoire
1685,38,39,2020-05-02,Defaite
1686,69,39,2019-02-27,Defaite
1687,4,39,2023-12-21,Victoire
1688,19,39,2024-07-08,Victoire
1689,76,39,2023-08-09,Defaite
1690,45,39,2019-12-12,Victoire
1691,15,39,2022-12-11,Defaite
1692,40,39,2022-06-07,Defaite
1693,20,39,2020-06-18,Defaite
1694,63,39,2021-02-20,Victoire
1695,53,39,2022-12-06,Victoire
1696,34,39,2022-06-01,Defaite
1697,22,39,2023-11-28,Victoire
1698,67,39,2020-06-05,Defaite
1699,48,39,2021-01-23,Defaite
1700,79,39,2023-09-21,Victoire
1701,44,39,2020-05-16,Defaite
1702,17,39,2023-12-26,Defaite
1703,28,39,2024-07-10,Victoire
1704,80,39,2023-05-20,Defaite
1705,6,39,2024-05-13,Defaite
1706,14,39,2022-10-04,Victoire
1707,55,39,2024-01-06,Victoire
1708,70,39,2021-08-11,Victoire
1709,29,39,2022-04-10,Victoire
1710,42,39,2020-08-05,Victoire
1711,75,39,2022-12-14,Defaite
1712,58,39,2021-04-22,Victoire
1713,46,39,2022-05-09,Defaite
1714,5,39,2019-01-07,Victoire
1715,57,39,2023-04-24,Victoire
1716,35,39,2024-05-15,Defaite
1717,41,39,2024-05-26,Victoire
1718,64,39,2024-08-20,Defaite
1719,9,39,2020-08-31,Victoire
1720,78,39,2023-08-18,Defaite
1721,1,39,2020-06-20,Victoire
1722,56,39,2019-12-30,Defaite
1723,12,39,2021-07-29,Defaite
1724,50,39,2019-05-08,Defaite
1725,13,39,2023-10-15,Victoire
1726,11,39,2023-08-16,Victoire
1727,2,39,2020-12-31,Defaite
1728,73,39,2019-08-04,Defaite
1729,7,39,2022-05-01,Defaite
1730,43,39,2022-08-12,Victoire
1731,59,39,2020-03-07,Defaite
1732,33,39,2022-06-16,Defaite
1733,25,39,2023-05-26,Defaite
1734,21,39,2022-11-30,Victoire
1735,27,39,2023-05-06,Victoire
1736,43,40,2019-10-30,Defaite
1737,38,40,2024-05-02,Victoire
1738,36,40,2021-12-31,Defaite
1739,35,40,2020-02-18,Victoire
1740,21,40,2024-07-20,Defaite
1741,55,40,2022-12-28,Victoire
1742,3,40,2021-10-20,Victoire
1743,46,40,2020-01-18,Defaite
1744,9,40,2023-02-28,Defaite
1745,61,40,2023-06-27,Victoire
1746,22,40,2022-02-22,Defaite
1747,73,40,2023-03-31,Defaite
1748,70,40,2021-01-04,Defaite
1749,42,40,2020-03-21,Victoire
1750,30,40,2021-12-31,Victoire
1751,49,40,2022-02-01,Defaite
1752,16,40,2023-05-05,Victoire
1753,13,40,2024-03-03,Defaite
1754,45,40,2021-09-09,Defaite
1755,5,40,2022-07-11,Victoire
1756,19,40,2022-04-22,Victoire
1757,49,41,2021-03-06,Defaite
1758,26,41,2019-07-04,Victoire
1759,41,41,2021-09-28,Defaite
1760,75,41,2021-02-12,Victoire
1761,43,41,2020-09-17,Victoire
1762,56,41,2019-12-18,Defaite
1763,78,41,2022-05-11,Victoire
1764,23,41,2022-07-19,Victoire
1765,74,41,2021-09-05,Victoire
1766,14,41,2021-05-29,Defaite
1767,24,41,2019-09-09,Defaite
1768,28,41,2019-04-16,Defaite
1769,54,41,2020-07-16,Defaite
1770,19,41,2024-06-25,Victoire
1771,15,41,2021-08-31,Victoire
1772,55,41,2024-06-22,Victoire
1773,64,41,2022-01-19,Victoire
1774,6,41,2023-01-03,Defaite
1775,17,41,2021-06-21,Victoire
1776,12,41,2022-08-29,Victoire
1777,37,41,2023-11-25,Victoire
1778,36,41,2021-09-08,Victoire
1779,22,41,2021-12-17,Victoire
1780,5,41,2019-03-22,Victoire
1781,51,41,2020-11-06,Victoire
1782,4,41,2020-02-27,Victoire
1783,71,42,2022-04-22,Defaite
1784,76,42,2024-07-16,Defaite
1785,67,42,2022-08-29,Defaite
1786,53,42,2022-06-20,Defaite
1787,31,42,2019-01-07,Defaite
1788,51,42,2024-02-18,Victoire
1789,58,42,2022-12-03,Victoire
1790,5,42,2023-06-27,Defaite
1791,46,42,2020-07-23,Defaite
1792,48,42,2023-05-05,Victoire
1793,67,43,2023-06-26,Victoire
1794,1,43,2021-01-08,Defaite
1795,66,43,2020-05-06,Defaite
1796,10,43,2024-05-11,Victoire
1797,65,43,2024-01-02,Victoire
1798,62,43,2022-12-16,Defaite
1799,80,43,2024-08-30,Victoire
1800,14,43,2019-01-29,Victoire
1801,4,43,2021-03-18,Defaite
1802,23,43,2023-09-04,Defaite
1803,16,43,2023-03-11,Victoire
1804,54,43,2019-01-18,Victoire
1805,25,43,2020-11-28,Victoire
1806,38,43,2022-11-11,Defaite
1807,22,43,2023-04-05,Victoire
1808,7,43,2023-01-21,Defaite
1809,78,43,2020-11-18,Victoire
1810,46,43,2023-07-02,Defaite
1811,50,43,2021-03-17,Defaite
1812,39,43,2020-05-11,Victoire
1813,15,43,2021-05-13,Defaite
1814,26,43,2023-08-21,Defaite
1815,69,43,2021-12-23,Defaite
1816,35,43,2022-10-27,Defaite
1817,52,43,2022-10-17,Defaite
1818,28,43,2021-06-18,Defaite
1819,57,43,2019-04-02,Victoire
1820,51,43,2023-10-19,Defaite
1821,58,43,2024-04-16,Victoire
1822,61,43,2020-01-09,Victoire
1823,75,43,2024-01-29,Defaite
1824,77,43,2021-02-02,Defaite
1825,3,43,2020-07-06,Victoire
1826,43,43,2020-03-18,Defaite
1827,70,43,2021-02-17,Defaite
1828,40,43,2024-02-13,Defaite
1829,53,43,2020-11-04,Victoire
1830,11,43,2023-08-04,Defaite
1831,5,43,2023-06-25,Victoire
1832,68,43,2019-10-03,Defaite
1833,45,43,2024-01-26,Victoire
1834,30,43,2021-12-31,Victoire
1835,42,43,2022-12-29,Victoire
1836,41,43,2019-06-23,Defaite
1837,17,43,2022-12-24,Victoire
1838,12,43,2020-10-19,Victoire
1839,55,43,2020-06-30,Defaite
1840,56,43,2021-07-15,Victoire
1841,8,43,2023-01-06,Defaite
1842,24,43,2021-08-07,Defaite
1843,58,44,2021-09-22,Victoire
1844,76,44,2019-06-20,Victoire
1845,32,44,2022-01-19,Victoire
1846,64,44,2021-04-01,Defaite
1847,17,44,2019-04-29,Defaite
1848,24,44,2023-05-07,Victoire
1849,51,44,2022-08-12,Defaite
1850,31,44,2023-10-10,Defaite
1851,46,44,2021-11-21,Victoire
1852,42,44,2019-05-26,Defaite
1853,26,44,2022-07-30,Defaite
1854,40,44,2024-06-07,Victoire
1855,66,44,2024-09-10,Victoire
1856,38,44,2019-10-27,Victoire
1857,19,44,2022-11-28,Victoire
1858,30,44,2023-01-28,Victoire
1859,71,44,2021-09-18,Defaite
1860,1,44,2022-04-10,Victoire
1861,35,44,2022-09-11,Defaite
1862,73,44,2022-01-20,Defaite
1863,16,44,2019-05-12,Defaite
1864,48,44,2021-07-03,Victoire
1865,44,44,2020-10-18,Defaite
1866,23,44,2021-03-02,Victoire
1867,27,44,2019-03-20,Defaite
1868,59,44,2022-05-30,Victoire
1869,60,44,2024-07-07,Victoire
1870,7,44,2024-04-06,Victoire
1871,2,44,2023-10-28,Victoire
1872,33,44,2022-06-03,Victoire
1873,80,44,2020-01-15,Victoire
1874,1,45,2021-01-18,Victoire
1875,44,45,2023-02-21,Victoire
1876,38,45,2021-08-19,Defaite
1877,3,45,2022-08-31,Defaite
1878,52,45,2021-05-25,Defaite
1879,10,45,2021-05-03,Victoire
1880,6,45,2021-02-15,Defaite
1881,32,45,2020-02-11,Victoire
1882,71,45,2020-07-25,Defaite
1883,13,45,2024-08-16,Defaite
1884,40,45,2020-04-18,Defaite
1885,18,45,2021-08-31,Victoire
1886,60,45,2023-01-04,Defaite
1887,41,45,2021-08-09,Victoire
1888,28,45,2019-03-12,Victoire
1889,25,45,2024-07-18,Defaite
1890,21,45,2023-08-12,Victoire
1891,19,45,2021-01-03,Victoire
1892,75,45,2021-05-28,Victoire
1893,4,45,2020-06-17,Victoire
1894,59,45,2022-04-16,Victoire
1895,37,45,2020-09-24,Defaite
1896,68,45,2021-11-24,Victoire
1897,76,45,2021-03-27,Victoire
1898,1,46,2019-05-04,Victoire
1899,80,46,2020-01-17,Defaite
1900,38,46,2020-05-15,Victoire
1901,74,46,2022-06-21,Defaite
1902,64,46,2024-03-23,Defaite
1903,14,46,2020-01-20,Defaite
1904,72,46,2019-03-07,Victoire
1905,18,46,2023-01-26,Defaite
1906,24,46,2022-08-06,Defaite
1907,12,46,2019-03-28,Victoire
1908,9,46,2021-09-09,Defaite
1909,4,46,2021-02-23,Defaite
1910,66,46,2021-01-17,Defaite
1911,21,46,2024-04-20,Victoire
1912,44,46,2021-04-07,Victoire
1913,73,46,2022-12-22,Defaite
1914,53,46,2019-03-20,Defaite
1915,58,46,2024-01-05,Victoire
1916,76,46,2020-07-14,Defaite
1917,77,46,2024-08-29,Victoire
1918,32,46,2019-07-14,Defaite
1919,8,46,2021-05-14,Victoire
1920,22,46,2021-08-18,Defaite
1921,68,46,2019-11-22,Defaite
1922,27,46,2021-09-08,Defaite
1923,10,46,2022-12-26,Victoire
1924,41,46,2023-01-06,Defaite
1925,51,46,2019-12-01,Victoire
1926,39,46,2019-08-20,Victoire
1927,34,46,2023-06-27,Defaite
1928,65,46,2022-11-30,Defaite
1929,45,46,2020-02-20,Victoire
1930,13,46,2020-08-20,Victoire
1931,31,46,2023-03-06,Defaite
1932,29,46,2021-08-02,Victoire
1933,60,46,2020-05-25,Victoire
1934,19,46,2019-01-13,Defaite
1935,71,46,2019-12-24,Defaite
1936,17,46,2020-06-13,Victoire
1937,35,46,2024-06-16,Defaite
1938,33,46,2021-07-14,Victoire
1939,47,46,2023-08-09,Victoire
1940,48,46,2021-11-26,Victoire
1941,56,47,2019-06-05,Defaite
1942,26,47,2024-09-05,Defaite
1943,75,47,2022-10-19,Defaite
1944,70,47,2021-08-16,Defaite
1945,46,47,2021-08-18,Defaite
1946,52,47,2022-09-29,Victoire
1947,36,47,2021-07-09,Victoire
1948,35,47,2023-05-03,Victoire
1949,23,47,2019-08-22,Defaite
1950,66,47,2022-03-22,Defaite
1951,20,47,2022-10-15,Victoire
1952,11,47,2022-03-26,Defaite
1953,17,47,2019-05-05,Defaite
1954,53,47,2023-02-12,Defaite
1955,79,47,2022-11-25,Defaite
1956,33,47,2020-07-02,Defaite
1957,27,47,2020-10-20,Defaite
1958,48,47,2021-07-12,Victoire
1959,12,47,2019-10-26,Defaite
1960,73,47,2021-12-09,Victoire
1961,77,47,2019-06-19,Victoire
1962,3,47,2021-01-19,Defaite
1963,13,47,2022-06-23,Defaite
1964,4,47,2020-07-28,Victoire
1965,42,47,2020-04-20,Defaite
1966,71,47,2024-04-08,Victoire
1967,31,47,2020-02-02,Victoire
1968,59,47,2020-11-29,Victoire
1969,28,47,2022-12-04,Victoire
1970,61,47,2023-01-25,Defaite
1971,44,47,2019-07-08,Victoire
1972,62,47,2019-05-19,Defaite
1973,63,47,2019-08-05,Defaite
1974,57,47,2021-06-21,Victoire
1975,58,47,2024-06-09,Victoire
1976,8,47,2019-12-27,Victoire
1977,60,47,2020-05-14,Defaite
1978,38,47,2021-11-18,Victoire
1979,1,47,2022-08-10,Defaite
1980,47,47,2023-07-10,Victoire
1981,16,47,2021-07-29,Victoire
1982,37,47,2023-04-01,Victoire
1983,12,48,2022-01-07,Victoire
1984,34,48,2023-10-17,Defaite
1985,24,48,2023-02-14,Defaite
1986,62,48,2022-04-05,Victoire
1987,16,48,2020-03-27,Defaite
1988,63,48,2020-01-09,Defaite
1989,7,48,2019-10-08,Victoire
1990,42,48,2020-07-29,Victoire
1991,27,48,2023-03-08,Victoire
1992,41,48,2021-03-13,Defaite
1993,51,48,2022-09-11,Defaite
1994,8,48,2020-08-15,Victoire
1995,35,48,2023-07-23,Victoire
1996,75,48,2024-02-20,Defaite
1997,69,48,2023-02-08,Defaite
1998,59,48,2022-07-25,Victoire
1999,49,48,2023-09-17,Defaite
2000,53,48,2020-11-12,Victoire
2001,72,48,2022-06-01,Defaite
2002,39,48,2024-02-13,Victoire
2003,64,48,2019-12-11,Defaite
2004,3,48,2019-02-12,Victoire
2005,1,48,2023-05-22,Defaite
2006,54,48,2019-07-08,Victoire
2007,36,48,2020-08-25,Victoire
2008,13,48,2020-03-21,Victoire
2009,28,48,2022-02-24,Victoire
2010,25,48,2021-02-18,Defaite
2011,80,48,2022-10-02,Victoire
2012,9,48,2022-07-18,Defaite
2013,6,48,2023-08-21,Defaite
2014,17,48,2022-06-19,Victoire
2015,52,48,2020-09-29,Victoire
2016,19,48,2021-03-04,Defaite
2017,71,48,2024-04-07,Victoire
2018,14,48,2022-11-25,Victoire
2019,40,48,2023-07-20,Defaite
2020,57,48,2020-05-14,Victoire
2021,10,48,2019-01-10,Defaite
2022,37,48,2021-04-26,Defaite
2023,2,48,2021-02-05,Defaite
2024,38,48,2020-10-16,Defaite
2025,55,48,2020-11-18,Defaite
2026,47,48,2022-06-18,Defaite
2027,78,48,2024-05-10,Victoire
2028,68,48,2023-06-10,Victoire
2029,70,48,2020-09-20,Defaite
2030,74,48,2019-11-01,Defaite
2031,23,48,2020-11-07,Defaite
2032,61,48,2024-05-10,Victoire
2033,32,48,2020-05-18,Victoire
2034,48,48,2023-05-01,Victoire
2035,67,48,2022-09-28,Defaite
2036,30,48,2019-05-07,Victoire
2037,79,48,2020-05-06,Victoire
2038,44,48,2019-01-16,Victoire
2039,21,48,2021-06-01,Defaite
2040,77,48,2023-02-20,Victoire
2041,56,48,2021-06-14,Defaite
2042,65,48,2020-04-19,Victoire
2043,64,49,2023-12-06,Defaite
2044,46,49,2022-04-25,Victoire
2045,50,49,2019-10-14,Defaite
2046,31,49,2024-05-04,Defaite
2047,69,49,2023-02-06,Defaite
2048,42,49,2023-09-07,Victoire
2049,34,49,2022-01-19,Victoire
2050,77,49,2021-06-04,Victoire
2051,51,50,2022-06-08,Victoire
2052,80,50,2023-06-05,Victoire
2053,4,50,2021-08-19,Defaite
