pokedex_id,nom,pv,attaque,defense,attaque_speciale,defense_speciale,vitesse,taille,poids
1,Bulbizarre,45,49,49,65,65,45,0.7,6.9
2,Herbizarre,60,62,63,80,80,60,1.0,13.0
3,Florizarre,80,82,83,100,100,80,2.0,100.0
4,Salameche,39,52,43,60,50,65,0.6,8.5
5,Reptincel,58,64,58,80,65,80,1.1,19.0
6,Dracaufeu,78,84,78,109,85,100,1.7,90.5
7,Carapuce,44,48,65,50,64,43,0.5,9.0
8,Carabaffe,59,63,80,65,80,58,1.0,22.5
9,Tortank,79,83,100,85,105,78,1.6,85.5
10,Chenipan,45,30,35,20,20,45,0.3,2.9
11,Chrysacier,50,20,55,25,25,30,0.7,9.9
12,Papilusion,60,45,50,90,80,70,1.1,32.0
13,Aspicot,40,35,30,20,20,50,0.3,3.2
14,Coconfort,45,25,50,25,25,35,0.6,10.0
15,Dardargnan,65,90,40,45,80,75,1.0,29.5
16,Roucool,40,45,40,35,35,56,0.3,1.8
17,Roucoups,63,60,55,50,50,71,1.1,30.0
18,Roucarnage,83,80,75,70,70,101,1.5,39.5
19,Rattata,30,56,35,25,35,72,0.3,3.5
20,Rattatac,55,81,60,50,70,97,0.7,18.5
21,Piafabec,40,60,30,31,31,70,0.3,2.0
22,Rapasdepic,65,90,65,61,61,100,1.2,38.0
23,Abo,35,60,44,40,54,55,2.0,6.9
24,Arbok,60,95,69,65,79,80,3.5,65.0
25,Pikachu,45,80,50,75,60,120,0.4,6.0
26,Raichu,60,90,55,90,80,110,0.8,30.0
27,Sabelette,50,75,85,20,30,40,0.6,12.0
28,Sablaireau,75,100,110,45,55,65,1.0,29.5
29,Nidoran♀,55,47,52,40,40,41,0.4,7.0
30,Nidorina,70,62,67,55,55,56,0.8,20.0
31,Nidoqueen,90,92,87,75,85,76,1.3,60.0
32,Nidoran♂,46,57,40,40,40,50,0.5,9.0
33,Nidorino,61,72,57,55,55,65,0.9,19.5
34,Nidoking,81,102,77,85,75,85,1.4,62.0
35,Melofee,70,45,48,60,65,35,0.6,7.5
36,Melodelfe,95,70,73,95,90,60,1.3,40.0
37,Goupix,38,41,40,50,65,65,0.6,9.9
38,Feunard,73,76,75,81,100,100,1.1,19.9
39,Rondoudou,115,45,20,45,25,20,0.5,5.5
40,Grodoudou,140,70,45,85,50,45,1.0,12.0
41,Nosferapti,40,45,35,30,40,55,0.8,7.5
42,Nosferalto,75,80,70,65,75,90,1.6,55.0
43,Mystherbe,45,50,55,75,65,30,0.5,5.4
44,Ortide,60,65,70,85,75,40,0.8,8.6
45,Rafflesia,75,80,85,110,90,50,1.2,18.6
46,Paras,35,70,55,45,55,25,0.3,5.4
47,Parasect,60,95,80,60,80,30,1.0,29.5
48,Mimitoss,60,55,50,40,55,45,1.0,30.0
49,Aeromite,70,65,60,90,75,90,1.5,12.5
50,Taupiqueur,10,55,25,35,45,95,0.2,0.8
51,Triopikeur,35,100,50,50,70,120,0.7,33.3
52,Miaouss,40,45,35,40,40,90,0.4,4.2
53,Persian,65,70,60,65,65,115,1.0,32.0
54,Psykokwak,50,52,48,65,50,55,0.8,19.6
55,Akwakwak,80,82,78,95,80,85,1.7,76.6
56,Ferosinge,40,80,35,35,45,70,0.5,28.0
57,Colossinge,65,105,60,60,70,95,1.0,32.0
58,Caninos,55,70,45,70,50,60,0.7,19.0
59,Arcanin,90,110,80,100,80,95,1.9,155.0
60,Ptitard,40,50,40,40,40,90,0.6,12.4
61,Tetarte,65,65,65,50,50,90,1.0,20.0
62,Tartard,90,95,95,70,90,70,1.3,54.0
63,Abra,25,20,15,105,55,90,0.9,19.5
64,Kadabra,40,35,30,120,70,105,1.3,56.5
65,Alakazam,55,50,45,135,95,120,1.5,48.0
66,Machoc,70,80,50,35,35,35,0.8,19.5
67,Machopeur,80,100,70,50,60,45,1.5,70.5
68,Mackogneur,90,130,80,65,85,55,1.6,130.0
69,Chetiflor,50,75,35,70,30,40,0.7,4.0
70,Boustiflor,65,90,50,85,45,55,1.0,6.4
71,Empiflor,80,105,65,100,70,70,1.7,15.5
72,Tentacool,40,40,35,50,100,70,0.9,45.5
73,Tentacruel,80,70,65,80,120,100,1.6,55.0
74,Racaillou,40,80,100,30,30,20,0.4,20.0
75,Gravalanch,55,95,115,45,45,35,1.0,105.0
76,Grolem,80,120,130,55,65,45,1.4,300.0
77,Ponyta,50,85,55,65,65,90,1.0,30.0
78,Galopa,65,100,70,80,80,105,1.7,95.0
79,Ramoloss,90,65,65,40,40,15,1.2,36.0
80,Flagadoss,95,75,110,100,80,30,1.6,78.5
81,Magneti,25,35,70,95,55,45,0.3,6.0
82,Magneton,50,60,95,120,70,70,1.0,60.0
83,Canarticho,52,90,55,58,62,60,0.8,15.0
84,Doduo,35,85,45,35,35,75,1.4,39.2
85,Dodrio,60,110,70,60,60,110,1.8,85.2
86,Otaria,65,45,55,45,70,45,1.1,90.0
87,Lamantine,90,70,80,70,95,70,1.7,120.0
88,Tadmorv,80,80,50,40,50,25,0.9,30.0
89,Grotadmorv,105,105,75,65,100,50,1.2,30.0
90,Kokiyas,30,65,100,45,25,40,0.3,4.0
91,Crustabri,50,95,180,85,45,70,1.5,132.5
92,Fantominus,30,35,30,100,35,80,1.3,0.1
93,Spectrum,45,50,45,115,55,95,1.6,0.1
94,Ectoplasma,60,65,60,130,75,110,1.5,40.5
95,Onix,35,45,160,30,45,70,8.8,210.0
96,Soporifik,60,48,45,43,90,42,1.0,32.4
97,Hypnomade,85,73,70,73,115,67,1.6,75.6
98,Krabby,30,105,90,25,25,50,0.4,6.5
99,Krabboss,55,130,115,50,50,75,1.3,60.0
100,Voltorbe,40,30,50,55,55,100,0.5,10.4
101,electrode,60,50,70,80,80,150,1.2,66.6
102,Noeunoeuf,60,40,80,60,45,40,0.4,2.5
103,Noadkoko,95,95,85,125,75,55,2.0,120.0
104,Osselait,50,50,95,40,50,35,0.4,6.5
105,Ossatueur,60,80,110,50,80,45,1.0,45.0
106,Kicklee,50,120,53,35,110,87,1.5,49.8
107,Tygnon,50,105,79,35,110,76,1.4,50.2
108,Excelangue,90,55,75,60,75,30,1.2,65.5
109,Smogo,40,65,95,60,45,35,0.6,1.0
110,Smogogo,65,90,120,85,70,60,1.2,9.5
111,Rhinocorne,80,85,95,30,30,25,1.0,115.0
112,Rhinoferos,105,130,120,45,45,40,1.9,120.0
113,Leveinard,250,5,5,35,105,50,1.1,34.6
114,Saquedeneu,65,55,115,100,40,60,1.0,35.0
115,Kangourex,105,95,80,40,80,90,2.2,80.0
116,Hypotrempe,30,40,70,70,25,60,0.4,8.0
117,Hypocean,55,65,95,95,45,85,1.2,25.0
118,Poissirene,45,67,60,35,50,63,0.6,15.0
119,Poissoroy,80,92,65,65,80,68,1.3,39.0
120,Stari,30,45,55,70,55,85,0.8,34.5
121,Staross,60,75,85,100,85,115,1.1,80.0
122,M. Mime,40,45,65,100,120,90,1.3,54.5
123,Insecateur,70,110,80,55,80,105,1.5,56.0
124,Lippoutou,65,50,35,115,95,95,1.4,40.6
125,elektek,65,83,57,95,85,105,1.1,30.0
126,Magmar,65,95,57,100,85,93,1.3,44.5
127,Scarabrute,65,125,100,55,70,85,1.5,55.0
128,Tauros,75,100,95,40,70,110,1.4,88.4
129,Magicarpe,20,10,55,15,20,80,0.9,10.0
130,Leviator,95,125,79,60,100,81,6.5,235.0
131,Lokhlass,130,85,80,85,95,60,2.5,220.0
132,Metamorph,48,48,48,48,48,48,0.3,4.0
133,evoli,65,75,70,65,85,75,0.3,6.5
134,Aquali,130,65,60,110,95,65,1.0,29.0
135,Voltali,65,65,60,110,95,130,0.8,24.5
136,Pyroli,65,130,60,95,110,65,0.9,25.0
137,Porygon,65,60,70,85,75,40,0.8,36.5
138,Amonita,35,40,100,90,55,35,0.4,7.5
139,Amonistar,70,60,125,115,70,55,1.0,35.0
140,Kabuto,30,80,90,55,45,55,0.5,11.5
141,Kabutops,60,115,105,65,70,80,1.3,40.5
142,Ptera,80,105,65,60,75,130,1.8,59.0
143,Ronflex,160,110,65,65,110,30,2.1,460.0
144,Artikodin,90,85,100,95,125,85,1.7,55.4
145,electhor,90,90,85,125,90,100,1.6,52.6
146,Sulfura,90,100,90,125,85,90,2.0,60.0
147,Minidraco,41,64,45,50,50,50,1.8,3.3
148,Draco,61,84,65,70,70,70,4.0,16.5
149,Dracolosse,91,134,95,100,100,80,2.2,210.0
150,Mewtwo,106,110,90,154,90,130,2.0,122.0
151,Mew,100,100,100,100,100,100,0.4,4.0
152,Germignon,45,49,65,49,65,45,0.9,6.4
153,Macronium,60,62,80,63,80,60,1.2,15.8
154,Meganium,80,82,100,83,100,80,1.8,100.5
155,Hericendre,39,52,43,60,50,65,0.5,7.9
156,Feurisson,58,64,58,80,65,80,0.9,19.0
157,Typhlosion,78,84,78,109,85,100,1.7,79.5
158,Kaiminus,50,65,64,44,48,43,0.6,9.5
159,Crocrodil,65,80,80,59,63,58,1.1,25.0
160,Aligatueur,85,105,100,79,83,78,2.3,88.8
161,Fouinette,35,46,34,35,45,20,0.8,6.0
162,Fouinar,85,76,64,45,55,90,1.8,32.5
163,Hoothoot,60,30,30,36,56,50,0.7,21.2
164,Noarfang,100,50,50,86,96,70,1.6,40.8
165,Coxy,40,20,30,40,80,55,1.0,10.8
166,Coxyclaque,55,35,50,55,110,85,1.4,35.6
167,Mimigal,40,60,40,40,40,30,0.5,8.5
168,Migalos,70,90,70,60,70,40,1.1,33.5
169,Nostenfer,85,90,80,70,80,130,1.8,75.0
170,Loupio,75,38,38,56,56,67,0.5,12.0
171,Lanturn,125,58,58,76,76,67,1.2,22.5
172,Pichu,20,40,15,35,35,60,0.3,2.0
173,Melo,50,25,28,45,55,15,0.3,3.0
174,Toudoudou,90,30,15,40,20,15,0.3,1.0
175,Togepi,35,20,65,40,65,20,0.3,1.5
176,Togetic,55,40,85,80,105,40,0.6,3.2
177,Natu,40,50,45,70,45,70,0.2,2.0
178,Xatu,65,75,70,95,70,95,1.5,15.0
179,Wattouat,55,40,40,65,45,35,0.6,7.8
180,Lainergie,70,55,55,80,60,45,0.8,13.3
181,Pharamp,90,75,85,115,90,55,1.4,61.5
182,Joliflor,75,80,95,90,100,50,0.4,5.8
183,Marill,70,20,50,20,50,40,0.4,8.5
184,Azumarill,100,50,80,60,80,50,0.8,28.5
185,Simularbre,70,100,115,30,65,30,1.2,38.0
186,Tarpaud,90,75,75,90,100,70,1.1,33.9
187,Granivol,35,35,40,35,55,50,0.4,0.5
188,Floravol,55,45,50,45,65,80,0.6,1.0
189,Cotovol,75,55,70,55,95,110,0.8,3.0
190,Capumain,55,70,55,40,55,85,0.8,11.5
191,Tournegrin,30,30,30,30,30,30,0.3,1.8
192,Heliatronc,75,75,55,105,85,30,0.8,8.5
193,Yanma,65,65,45,75,45,95,1.2,38.0
194,Axoloto,55,45,45,25,25,15,0.4,8.5
195,Maraiste,95,85,85,65,65,35,1.4,75.0
196,Mentali,65,65,60,130,95,110,0.9,26.5
197,Noctali,95,65,110,60,130,65,1.0,27.0
198,Cornebre,60,85,42,85,42,91,0.5,2.1
199,Roigada,95,75,80,100,110,30,2.0,79.5
200,Feuforeve,60,60,60,85,85,85,0.7,1.0
201,Zarbi,48,72,48,72,48,48,0.5,5.0
202,Qulbutoke,190,33,58,33,58,33,1.3,28.5
203,Girafarig,70,80,65,90,65,85,1.5,41.5
204,Pomdepik,50,65,90,35,35,15,0.6,7.2
205,Foretress,75,90,140,60,60,40,1.2,125.8
206,Insolourdo,100,70,70,65,65,45,1.5,14.0
207,Scorplane,65,75,105,35,65,85,1.1,64.8
208,Steelix,75,85,200,55,65,30,9.2,400.0
209,Snubbull,60,80,50,40,40,30,0.6,7.8
210,Granbull,90,120,75,60,60,45,1.4,48.7
211,Qwilfish,65,95,85,55,55,85,0.5,3.9
212,Cizayox,70,130,100,55,80,65,1.8,118.0
213,Caratroc,20,10,230,10,230,5,0.6,20.5
214,Scarhino,80,125,75,40,95,85,1.5,54.0
215,Farfuret,55,95,55,35,75,115,0.9,28.0
216,Teddiursa,60,80,50,50,50,40,0.6,8.8
217,Ursaring,90,130,75,75,75,55,1.8,125.8
218,Limagma,40,40,40,70,40,20,0.7,35.0
219,Volcaropod,60,50,120,90,80,30,0.8,55.0
220,Marcacrin,50,50,40,30,30,50,0.4,6.5
221,Cochignon,100,100,80,60,60,50,1.1,55.8
222,Corayon,65,55,95,65,95,35,0.6,5.0
223,Remoraid,35,65,35,65,35,65,0.6,12.0
224,Octillery,75,105,75,105,75,45,0.9,28.5
225,Cadoizo,45,55,45,65,45,75,0.9,16.0
226,Demanta,85,40,70,80,140,70,2.1,220.0
227,Airmure,65,80,140,40,70,70,1.7,50.5
228,Malosse,45,60,30,80,50,65,0.6,10.8
229,Demolosse,75,90,50,110,80,95,1.4,35.0
230,Hyporoi,75,95,95,95,95,85,1.8,152.0
231,Phanpy,90,60,60,40,40,40,0.5,33.5
232,Donphan,90,120,120,60,60,50,1.1,120.0
233,Porygon2,85,80,90,105,95,60,0.6,32.5
234,Cerfrousse,73,95,62,85,65,85,1.4,71.2
235,Queulorior,55,20,35,20,45,75,1.2,58.0
236,Debugant,35,35,35,35,35,35,0.7,21.0
237,Kapoera,50,95,95,35,110,70,1.4,48.0
238,Lippouti,45,30,15,85,65,65,0.6,6.0
239,elekid,45,63,37,65,55,95,0.6,23.5
240,Magby,45,75,37,70,55,83,0.7,21.4
241,ecremeuh,95,80,105,40,70,100,1.2,75.5
242,Leuphorie,255,10,10,75,135,55,1.5,46.8
243,Raikou,90,85,75,115,100,115,1.9,178.0
244,Entei,115,115,85,90,75,100,2.1,198.0
245,Suicune,100,75,115,90,115,85,2.0,187.0
246,Embrylex,50,64,50,45,50,41,0.6,72.0
247,Ymphect,70,84,70,65,70,51,1.2,152.0
248,Tyranocif,100,134,110,95,100,61,2.0,202.0
249,Lugia,106,90,130,90,154,110,5.2,216.0
250,Ho-Oh,106,130,90,110,154,90,3.8,199.0
251,Celebi,100,100,100,100,100,100,0.6,5.0
252,Arcko,40,45,35,65,55,70,0.5,5.0
253,Massko,50,65,45,85,65,95,0.9,21.6
254,Jungko,70,85,65,105,85,120,1.7,52.2
255,Poussifeu,45,60,40,70,50,45,0.4,2.5
256,Galifeu,60,85,60,85,60,55,0.9,19.5
257,Brasegali,80,120,70,110,70,80,1.9,52.0
258,Gobou,50,70,50,50,50,40,0.4,7.6
259,Flobio,70,85,70,60,70,50,0.7,28.0
260,Laggron,100,110,90,85,90,60,1.6,81.9
261,Medhyena,35,55,35,30,30,35,0.5,13.6
262,Grahyena,70,90,70,60,60,70,1.0,37.0
263,Zigzaton,38,30,41,30,41,60,0.4,17.5
264,Lineon,78,70,61,50,61,100,0.5,32.5
265,Chenipotte,45,45,35,20,30,20,0.3,3.6
266,Armulys,50,35,55,25,25,15,0.6,10.0
267,Charmillon,60,70,50,100,50,65,1.0,28.4
268,Blindalys,50,35,55,25,25,15,0.7,11.5
269,Papinox,60,50,70,50,90,65,1.2,31.6
270,Nenupiot,40,30,30,40,50,30,0.5,2.6
271,Lombre,60,50,50,60,70,50,1.2,32.5
272,Ludicolo,80,70,70,90,100,70,1.5,55.0
273,Grainipiot,40,40,50,30,30,30,0.5,4.0
274,Pifeuil,70,70,40,60,40,60,1.0,28.0
275,Tengalice,90,100,60,90,60,80,1.3,59.6
276,Nirondelle,40,55,30,30,30,85,0.3,2.3
277,Heledelle,60,85,60,75,50,125,0.7,19.8
278,Goelise,40,30,30,55,30,85,0.6,9.5
279,Bekipan,60,50,100,95,70,65,1.2,28.0
280,Tarsal,28,25,25,45,35,40,0.4,6.6
281,Kirlia,38,35,35,65,55,50,0.8,20.2
282,Gardevoir,68,65,65,125,115,80,1.6,48.4
283,Arakdo,40,30,32,50,50,65,0.5,1.7
284,Maskadra,70,60,62,100,82,80,0.8,3.6
285,Balignon,60,40,60,40,60,35,0.4,4.5
286,Chapignon,60,130,80,60,60,70,1.2,39.2
287,Parecool,60,60,60,35,35,30,0.8,24.0
288,Vigoroth,80,80,80,55,55,90,1.4,46.5
289,Monaflemit,150,160,100,95,65,100,2.0,130.5
290,Ningale,31,45,90,30,30,40,0.5,5.5
291,Ninjask,61,90,45,50,50,160,0.8,12.0
292,Munja,1,90,45,30,30,40,0.8,1.2
293,Chuchmur,64,51,23,51,23,28,0.6,16.3
294,Ramboum,84,71,43,71,43,48,1.0,40.5
295,Brouhabam,104,91,63,91,73,68,1.5,84.0
296,Makuhita,72,60,30,20,30,25,1.0,86.4
297,Hariyama,144,120,60,40,60,50,2.3,253.8
298,Azurill,50,20,40,20,40,20,0.2,2.0
299,Tarinor,30,45,135,45,90,30,1.0,97.0
300,Skitty,50,45,45,35,35,50,0.6,11.0
301,Delcatty,70,65,65,55,55,90,1.1,32.6
302,Tenefix,50,75,75,65,65,50,0.5,11.0
303,Mysdibule,50,85,85,55,55,50,0.6,11.5
304,Galekid,50,70,100,40,40,30,0.4,60.0
305,Galegon,60,90,140,50,50,40,0.9,120.0
306,Galeking,70,110,180,60,60,50,2.1,360.0
307,Meditikka,30,40,55,40,55,60,0.6,11.2
308,Charmina,60,60,75,60,75,80,1.3,31.5
309,Dynavolt,40,45,40,65,40,65,0.6,15.2
310,elecsprint,70,75,60,105,60,105,1.5,40.2
311,Posipi,60,50,40,85,75,95,0.4,4.2
312,Negapi,60,40,50,75,85,95,0.4,4.2
313,Muciole,65,73,75,47,85,85,0.7,17.7
314,Lumivole,65,47,75,73,85,85,0.6,17.7
315,Roselia,50,60,45,100,80,65,0.3,2.0
316,Gloupti,70,43,53,43,53,40,0.4,10.3
317,Avaltout,100,73,83,73,83,55,1.7,80.0
318,Carvanha,45,90,20,65,20,65,0.8,20.8
319,Sharpedo,70,120,40,95,40,95,1.8,88.8
320,Wailmer,130,70,35,70,35,60,2.0,130.0
321,Wailord,170,90,45,90,45,60,14.5,398.0
322,Chamallot,60,60,40,65,45,35,0.7,24.0
323,Camerupt,70,100,70,105,75,40,1.9,220.0
324,Chartor,70,85,140,85,70,20,0.5,80.4
325,Spoink,60,25,35,70,80,60,0.7,30.6
326,Groret,80,45,65,90,110,80,0.9,71.5
327,Spinda,60,60,60,60,60,60,1.1,5.0
328,Kraknoix,45,100,45,45,45,10,0.7,15.0
329,Vibraninf,50,70,50,50,50,70,1.1,15.3
330,Libegon,80,100,80,80,80,100,2.0,82.0
331,Cacnea,50,85,40,85,40,35,0.4,51.3
332,Cacturne,70,115,60,115,60,55,1.3,77.4
333,Tylton,45,40,60,40,75,50,0.4,1.2
334,Altaria,75,70,90,70,105,80,1.1,20.6
335,Mangriff,73,115,60,60,60,90,1.3,40.3
336,Seviper,73,100,60,100,60,65,2.7,52.5
337,Seleroc,90,55,65,95,85,70,1.0,168.0
338,Solaroc,90,95,85,55,65,70,1.2,154.0
339,Barloche,50,48,43,46,41,60,0.4,1.9
340,Barbicha,110,78,73,76,71,60,0.9,23.6
341,ecrapince,43,80,65,50,35,35,0.6,11.5
342,Colhomard,63,120,85,90,55,55,1.1,32.8
343,Balbuto,40,40,55,40,70,55,0.5,21.5
344,Kaorine,60,70,105,70,120,75,1.5,108.0
345,Lilia,66,41,77,61,87,23,1.0,23.8
346,Vacilys,86,81,97,81,107,43,1.5,60.4
347,Anorith,45,95,50,40,50,75,0.7,12.5
348,Armaldo,75,125,100,70,80,45,1.5,68.2
349,Barpau,20,15,20,10,55,80,0.6,7.4
350,Milobellus,95,60,79,100,125,81,6.2,162.0
351,Morpheo,70,70,70,70,70,70,0.3,0.8
352,Kecleon,60,90,70,60,120,40,1.0,22.0
353,Polichombr,44,75,35,63,33,45,0.6,2.3
354,Branette,64,115,65,83,63,65,1.1,12.5
355,Skelenox,20,40,90,30,90,25,0.8,15.0
356,Teraclope,40,70,130,60,130,25,1.6,30.6
357,Tropius,99,68,83,72,87,51,2.0,100.0
358,eoko,75,50,80,95,90,65,0.6,1.0
359,Absol,65,130,60,75,60,75,1.2,47.0
360,Okeoke,95,23,48,23,48,23,0.6,14.0
361,Stalgamin,50,50,50,50,50,50,0.7,16.8
362,Oniglali,80,80,80,80,80,80,1.5,256.5
363,Obalie,70,40,50,55,50,25,0.8,39.5
364,Phogleur,90,60,70,75,70,45,1.1,87.6
365,Kaimorse,110,80,90,95,90,65,1.4,150.6
366,Coquiperl,35,64,85,74,55,32,0.4,52.5
367,Serpang,55,104,105,94,75,52,1.7,27.0
368,Rosabyss,55,84,105,114,75,52,1.8,22.6
369,Relicanth,100,90,130,45,65,55,1.0,23.4
370,Lovdisc,43,30,55,40,65,97,0.6,8.7
371,Draby,45,75,60,40,30,50,0.6,42.1
372,Drackhaus,65,95,100,60,50,50,1.1,110.5
373,Drattak,95,135,80,110,80,100,1.5,102.6
374,Terhal,40,55,80,35,60,30,0.6,95.2
375,Metang,60,75,100,55,80,50,1.2,202.5
376,Metalosse,80,135,130,95,90,70,1.6,550.0
377,Regirock,80,100,200,50,100,50,1.7,230.0
378,Regice,80,50,100,100,200,50,1.8,175.0
379,Registeel,80,75,150,75,150,50,1.9,205.0
380,Latias,80,80,90,110,130,110,1.4,40.0
381,Latios,80,90,80,130,110,110,2.0,60.0
382,Kyogre,100,100,90,150,140,90,4.5,352.0
383,Groudon,100,150,140,100,90,90,3.5,950.0
384,Rayquaza,105,150,90,150,90,95,7.0,206.5
385,Jirachi,100,100,100,100,100,100,0.3,1.1
386,Deoxys,50,95,90,95,90,180,1.7,60.8
387,Tortipouss,55,68,64,45,55,31,0.4,10.2
388,Boskara,75,89,85,55,65,36,1.1,97.0
389,Torterra,95,109,105,75,85,56,2.2,310.0
390,Ouisticram,44,58,44,58,44,61,0.5,6.2
391,Chimpenfeu,64,78,52,78,52,81,0.9,22.0
392,Simiabraz,76,104,71,104,71,108,1.2,55.0
393,Tiplouf,53,51,53,61,56,40,0.4,5.2
394,Prinplouf,64,66,68,81,76,50,0.8,23.0
395,Pingoleon,84,86,88,111,101,60,1.7,84.5
396,etourmi,40,55,30,30,30,60,0.3,2.0
397,etourvol,55,75,50,40,40,80,0.6,15.5
398,etouraptor,85,120,70,50,60,100,1.2,24.9
399,Keunotor,59,45,40,35,40,31,0.5,20.0
400,Castorno,79,85,60,55,60,71,1.0,31.5
401,Crikzik,37,25,41,25,41,25,0.3,2.2
402,Melokrik,77,85,51,55,51,65,1.0,25.5
403,Lixy,45,65,34,40,34,45,0.5,9.5
404,Luxio,60,85,49,60,49,60,0.9,30.5
405,Luxray,80,120,79,95,79,70,1.4,42.0
406,Rozbouton,40,30,35,50,70,55,0.2,1.2
407,Roserade,60,70,65,125,105,90,0.9,14.5
408,Kranidos,67,125,40,30,30,58,0.9,31.5
409,Charkos,97,165,60,65,50,58,1.6,102.5
410,Dinoclier,30,42,118,42,88,30,0.5,57.0
411,Bastiodon,60,52,168,47,138,30,1.3,149.5
412,Cheniti,40,29,45,29,45,36,0.2,3.4
413,Cheniselle,60,59,85,79,105,36,0.5,6.5
414,Papilord,70,94,50,94,50,66,0.9,23.3
415,Apitrini,30,30,42,30,42,70,0.3,5.5
416,Apireine,70,80,102,80,102,40,1.2,38.5
417,Pachirisu,60,45,70,45,90,95,0.4,3.9
418,Mustebouee,55,65,35,60,30,85,0.7,29.5
419,Musteflott,85,105,55,85,50,115,1.1,33.5
420,Ceribou,45,35,45,62,53,35,0.4,3.3
421,Ceriflor,70,60,70,87,78,85,0.5,9.3
422,Sancoki,76,48,48,57,62,34,0.3,6.3
423,Tritosor,111,83,68,92,82,39,0.9,29.9
424,Capidextre,75,100,66,60,66,115,1.2,20.3
425,Baudrive,90,50,34,60,44,70,0.4,1.2
426,Grodrive,150,80,44,90,54,80,1.2,15.0
427,Laporeille,55,66,44,44,56,85,0.4,5.5
428,Lockpin,65,76,84,54,96,105,1.2,33.3
429,Magireve,60,60,60,105,105,105,0.9,4.4
430,Corboss,100,125,52,105,52,71,0.9,27.3
431,Chaglam,49,55,42,42,37,85,0.5,3.9
432,Chaffreux,71,82,64,64,59,112,1.0,43.8
433,Korillon,45,30,50,65,50,45,0.2,0.6
434,Moufouette,63,63,47,41,41,74,0.4,19.2
435,Moufflair,103,93,67,71,61,84,1.0,38.0
436,Archeomire,57,24,86,24,86,23,0.5,60.5
437,Archeodong,67,89,116,79,116,33,1.3,187.0
438,Manzai,50,80,95,10,45,10,0.5,15.0
439,Mime Jr.,20,25,45,70,90,60,0.6,13.0
440,Ptiravi,100,5,5,15,65,30,0.6,24.4
441,Pijako,76,65,45,92,42,91,0.5,1.9
442,Spiritomb,50,92,108,92,108,35,1.0,108.0
443,Griknot,58,70,45,40,45,42,0.7,20.5
444,Carmache,68,90,65,50,55,82,1.4,56.0
445,Carchacrok,108,130,95,80,85,102,1.9,95.0
446,Goinfrex,135,85,40,40,85,5,0.6,105.0
447,Riolu,40,70,40,35,40,60,0.7,20.2
448,Lucario,70,110,70,115,70,90,1.2,54.0
449,Hippopotas,68,72,78,38,42,32,0.8,49.5
450,Hippodocus,108,112,118,68,72,47,2.0,300.0
451,Rapion,40,50,90,30,55,65,0.8,12.0
452,Drascore,70,90,110,60,75,95,1.3,61.5
453,Cradopaud,48,61,40,61,40,50,0.7,23.0
454,Coatox,83,106,65,86,65,85,1.3,44.4
455,Vortente,74,100,72,90,72,46,1.4,27.0
456,ecayon,49,49,56,49,61,66,0.4,7.0
457,Lumineon,69,69,76,69,86,91,1.2,24.0
458,Babimanta,45,20,50,60,120,50,1.0,65.0
459,Blizzi,60,62,50,60,62,40,1.0,50.5
460,Blizzaroi,90,92,75,92,85,60,2.2,135.5
461,Dimoret,70,120,65,45,85,125,1.1,34.0
462,Magnezone,70,70,115,130,90,60,1.2,180.0
463,Coudlangue,110,85,95,80,95,50,1.7,140.0
464,Rhinastoc,115,140,130,55,55,40,2.4,282.8
465,Bouldeneu,100,100,125,110,50,50,2.0,128.6
466,elekable,75,123,67,95,85,95,1.8,138.6
467,Maganon,75,95,67,125,95,83,1.6,68.0
468,Togekiss,85,50,95,120,115,80,1.5,38.0
469,Yanmega,86,76,86,116,56,95,1.9,51.5
470,Phyllali,65,110,130,60,65,95,1.0,25.5
471,Givrali,65,60,110,130,95,65,0.8,25.9
472,Scorvol,75,95,125,45,75,95,2.0,42.5
473,Mammochon,110,130,80,70,60,80,2.5,291.0
474,Porygon-Z,85,80,70,135,75,90,0.9,34.0
475,Gallame,68,125,65,65,115,80,1.6,52.0
476,Tarinorme,60,55,145,75,150,40,1.4,340.0
477,Noctunoir,45,100,135,65,135,45,2.2,106.6
478,Momartik,70,80,70,80,70,110,1.3,26.6
479,Motisma,50,50,77,95,77,91,0.3,0.3
480,Crehelf,75,75,130,75,130,95,0.3,0.3
481,Crefollet,80,105,105,105,105,80,0.3,0.3
482,Crefadet,75,125,70,125,70,115,0.3,0.3
483,Dialga,100,120,120,150,100,90,5.4,683.0
484,Palkia,90,120,100,150,120,100,4.2,336.0
485,Heatran,91,90,106,130,106,77,1.7,430.0
486,Regigigas,110,160,110,80,110,100,3.7,420.0
487,Giratina,150,100,120,100,120,90,4.5,750.0
488,Cresselia,120,70,120,75,130,85,1.5,85.6
489,Phione,80,80,80,80,80,80,0.4,3.1
490,Manaphy,100,100,100,100,100,100,0.3,1.4
491,Darkrai,70,90,90,135,90,125,1.5,50.5
492,Shaymin,100,100,100,100,100,100,0.2,2.1
493,Arceus,120,120,120,120,120,120,3.2,320.0
494,Victini,100,100,100,100,100,100,0.4,4.0
495,Vipelierre,45,45,55,45,55,63,0.6,8.1
496,Lianaja,60,60,75,60,75,83,0.8,16.0
497,Majaspic,75,75,95,75,95,113,3.3,63.0
498,Gruikui,65,63,45,45,45,45,0.5,9.9
499,Grotichon,90,93,55,70,55,55,1.0,55.5
500,Roitiflam,110,123,65,100,65,65,1.6,150.0
501,Moustillon,55,55,45,63,45,45,0.5,5.9
502,Mateloutre,75,75,60,83,60,60,0.8,24.5
503,Clamiral,95,100,85,108,70,70,1.5,94.6
504,Ratentif,45,55,39,35,39,42,0.5,11.6
505,Miradar,60,85,69,60,69,77,1.1,27.0
506,Ponchiot,45,60,45,25,45,55,0.4,4.1
507,Ponchien,65,80,65,35,65,60,0.9,14.7
508,Mastouffe,85,110,90,45,90,80,1.2,61.0
509,Chacripan,41,50,37,50,37,66,0.4,10.1
510,Leopardus,64,88,50,88,50,106,1.1,37.5
511,Feuillajou,50,53,48,53,48,64,0.6,10.5
512,Feuiloutan,75,98,63,98,63,101,1.1,30.5
513,Flamajou,50,53,48,53,48,64,0.5,11.0
514,Flamoutan,75,98,63,98,63,101,1.0,28.0
515,Flotajou,50,53,48,53,48,64,0.6,13.5
516,Flotoutan,75,98,63,98,63,101,1.0,29.0
517,Munna,76,25,45,67,55,24,0.6,23.3
518,Mushana,116,55,85,107,95,29,1.1,60.5
519,Poichigeon,50,55,50,36,30,43,0.3,2.1
520,Colombeau,62,77,62,50,42,65,0.6,15.0
521,Deflaisan,80,115,80,65,55,93,1.2,29.0
522,Zebibron,45,60,32,50,32,76,0.8,29.8
523,Zeblitz,75,100,63,80,63,116,1.6,79.5
524,Nodulithe,55,75,85,25,25,15,0.4,18.0
525,Geolithe,70,105,105,50,40,20,0.9,102.0
526,Gigalithe,85,135,130,60,80,25,1.7,260.0
527,Chovsourir,65,45,43,55,43,72,0.4,2.1
528,Rhinolove,67,57,55,77,55,114,0.9,10.5
529,Rototaupe,60,85,40,30,45,68,0.3,8.5
530,Minotaupe,110,135,60,50,65,88,0.7,40.4
531,Nanmeouie,103,60,86,60,86,50,1.1,31.0
532,Charpenti,75,80,55,25,35,35,0.6,12.5
533,Ouvrifier,85,105,85,40,50,40,1.2,40.0
534,Betochef,105,140,95,55,65,45,1.4,87.0
535,Tritonde,50,50,40,50,40,64,0.5,4.5
536,Batracne,75,65,55,65,55,69,0.8,17.0
537,Crapustule,105,95,75,85,75,74,1.5,62.0
538,Judokrak,120,100,85,30,85,45,1.3,55.5
539,Karaclee,75,125,75,30,75,85,1.4,51.0
540,Larveyette,45,53,70,40,60,42,0.3,2.5
541,Couverdure,55,63,90,50,80,42,0.5,7.3
542,Manternel,75,103,80,70,80,92,1.2,20.5
543,Venipatte,30,45,59,30,39,57,0.4,5.3
544,Scobolide,40,55,99,40,79,47,1.2,58.5
545,Brutapode,60,100,89,55,69,112,2.5,200.5
546,Doudouvet,40,27,60,37,50,66,0.3,0.6
547,Farfaduvet,60,67,85,77,75,116,0.7,6.6
548,Chlorobule,45,35,50,70,50,30,0.5,6.6
549,Fragilady,70,60,75,110,75,90,1.1,16.3
550,Bargantua,70,92,65,80,55,98,1.0,18.0
551,Mascaiman,50,72,35,35,35,65,0.7,15.2
552,Escroco,60,82,45,45,45,74,1.0,33.4
553,Crocorible,95,117,80,65,70,92,1.5,96.3
554,Darumarond,70,90,45,15,45,50,0.6,37.5
555,Darumacho,105,140,55,30,55,95,1.3,92.9
556,Maracachi,75,86,67,106,67,60,1.0,28.0
557,Crabicoque,50,65,85,35,35,55,0.3,14.5
558,Crabaraque,70,105,125,65,75,45,1.4,200.0
559,Baggiguane,50,75,70,35,70,48,0.6,11.8
560,Baggaid,65,90,115,45,115,58,1.1,30.0
561,Cryptero,72,58,80,103,80,97,1.4,14.0
562,Tutafeh,38,30,85,55,65,30,0.5,1.5
563,Tutankafer,58,50,145,95,105,30,1.7,76.5
564,Carapagos,54,78,103,53,45,22,0.7,16.5
565,Megapagos,74,108,133,83,65,32,1.2,81.0
566,Arkeapti,55,112,45,74,45,70,0.5,9.5
567,Aeropteryx,75,140,65,112,65,110,1.4,32.0
568,Miamiasme,50,50,62,40,62,65,0.6,31.0
569,Miasmax,80,95,82,60,82,75,1.9,107.3
570,Zorua,40,65,40,80,40,65,0.7,12.5
571,Zoroark,60,105,60,120,60,105,1.6,81.1
572,Chinchidou,55,50,40,40,40,75,0.4,5.8
573,Pashmilla,75,95,60,65,60,115,0.5,7.5
574,Scrutella,45,30,50,65,55,45,0.4,5.8
575,Mesmerella,60,45,70,75,85,55,0.7,18.0
576,Siderella,70,55,95,95,110,65,1.5,44.0
577,Nucleos,45,30,40,105,50,20,0.3,1.0
578,Meios,65,40,50,125,60,30,0.6,8.0
579,Symbios,110,65,75,125,85,30,1.0,20.1
580,Couaneton,62,44,50,44,50,55,0.5,5.5
581,Lakmecygne,75,87,63,87,63,98,1.3,24.2
582,Sorbebe,36,50,50,65,60,44,0.4,5.7
583,Sorboul,51,65,65,80,75,59,1.1,41.0
584,Sorbouboul,71,95,85,110,95,79,1.3,57.5
585,Vivaldaim,60,60,50,40,50,75,0.6,19.5
586,Haydaim,80,100,70,60,70,95,1.9,92.5
587,Emolga,55,75,60,75,60,103,0.4,5.0
588,Carabing,50,75,45,40,45,60,0.5,5.9
589,Lançargot,70,135,105,60,105,20,1.0,33.0
590,Trompignon,69,55,45,55,55,15,0.2,1.0
591,Gaulet,114,85,70,85,80,30,0.6,10.5
592,Viskuse,55,40,50,65,85,40,1.2,33.0
593,Moyade,100,60,70,85,105,60,2.2,135.0
594,Mamanbo,165,75,80,40,45,65,1.2,31.6
595,Statitik,50,47,50,57,50,65,0.1,0.6
596,Mygavolt,70,77,60,97,60,108,0.8,14.3
597,Grindur,44,50,91,24,86,10,0.6,18.8
598,Noacier,74,94,131,54,116,20,1.0,110.0
599,Tic,40,55,70,45,60,30,0.3,21.0
600,Clic,60,80,95,70,85,50,0.6,51.0
601,Cliticlic,60,100,115,70,85,90,0.6,81.0
602,Anchwatt,35,55,40,45,40,60,0.2,0.3
603,Lamperoie,65,85,70,75,70,40,1.2,22.0
604,Ohmassacre,85,115,80,105,80,50,2.1,80.5
605,Lewsor,55,55,55,85,55,30,0.5,9.0
606,Neitram,75,75,75,125,95,40,1.0,34.5
607,Funecire,50,30,55,65,55,20,0.3,3.1
608,Melancolux,60,40,60,95,60,55,0.6,13.0
609,Lugulabre,60,55,90,145,90,80,1.0,34.3
610,Coupenotte,46,87,60,30,40,57,0.6,18.0
611,Incisache,66,117,70,40,50,67,1.0,36.0
612,Tranchodon,76,147,90,60,70,97,1.8,105.5
613,Polarhume,55,70,40,60,40,40,0.5,8.5
614,Polagriffe,95,130,80,70,80,50,2.6,260.0
615,Hexagel,80,50,50,95,135,105,1.1,148.0
616,Escargaume,50,40,85,40,65,25,0.4,7.7
617,Limaspeed,80,70,40,100,60,145,0.8,23.5
618,Limonde,109,66,84,81,99,32,0.7,11.0
619,Kungfouine,45,85,50,55,50,65,0.8,20.0
620,Shaofouine,65,125,60,95,60,105,1.4,35.5
621,Drakkarmin,77,120,90,60,90,48,1.6,139.0
622,Gringolem,59,74,50,35,50,35,1.0,92.0
623,Golemastoc,89,124,80,55,80,55,2.8,330.0
624,Scalpion,45,85,70,40,40,60,0.5,10.2
625,Scalproie,65,125,100,60,70,70,1.6,70.0
626,Frison,95,110,95,40,95,55,1.6,94.5
627,Furaiglon,70,83,50,37,50,60,0.5,10.5
628,Gueriaigle,100,123,75,57,75,80,1.5,41.0
629,Vostourno,70,55,75,45,65,60,0.5,9.0
630,Vaututrice,110,65,105,55,95,80,1.2,39.5
631,Aflamanoir,85,97,66,105,66,65,1.4,58.0
632,Fermite,58,109,112,48,48,109,0.3,33.0
633,Solochi,52,65,50,45,50,38,0.8,17.3
634,Diamat,72,85,70,65,70,58,1.4,50.0
635,Trioxhydre,92,105,90,125,90,98,1.8,160.0
636,Pyronille,55,85,55,50,55,60,1.1,28.8
637,Pyrax,85,60,65,135,105,100,1.6,46.0
638,Cobaltium,91,90,129,90,72,108,2.1,250.0
639,Terrakium,91,129,90,72,90,108,1.9,260.0
640,Viridium,91,90,72,90,129,108,2.0,200.0
641,Boreas,79,115,70,125,80,111,1.5,63.0
642,Fulguris,79,115,70,125,80,111,1.5,61.0
643,Reshiram,100,120,100,150,120,90,3.2,330.0
644,Zekrom,100,150,120,120,100,90,2.9,345.0
645,Demeteros,89,125,90,115,80,101,1.5,68.0
646,Kyurem,125,170,100,120,90,95,3.0,325.0
647,Keldeo,91,72,90,129,90,108,1.4,48.5
648,Meloetta,100,77,77,128,128,90,0.6,6.5
649,Genesect,71,120,95,120,95,99,1.5,82.5
650,Marisson,56,61,65,48,45,38,0.4,9.0
651,Boguerisse,61,78,95,56,58,57,0.7,29.0
652,Blindepique,88,107,122,74,75,64,1.6,90.0
653,Feunnec,40,45,40,62,60,60,0.4,9.4
654,Roussil,59,59,58,90,70,73,1.0,14.5
655,Goupelin,75,69,72,114,100,104,1.5,39.0
656,Grenousse,41,56,40,62,44,71,0.3,7.0
657,Croâporal,54,63,52,83,56,97,0.6,10.9
658,Amphinobi,72,145,67,153,71,132,1.5,40.0
659,Sapereau,38,36,38,32,36,57,0.4,5.0
660,Excavarenne,85,56,77,50,77,78,1.0,42.4
661,Passerouge,45,50,43,40,38,62,0.3,1.7
662,Braisillon,62,73,55,56,52,84,0.7,16.0
663,Flambusard,78,81,71,74,69,126,1.2,24.5
664,Lepidonille,38,35,40,27,25,35,0.3,2.5
665,Peregrain,45,22,60,27,30,29,0.3,8.4
666,Prismillon,80,52,50,90,50,89,1.2,17.0
667,Helionceau,62,50,58,73,54,72,0.6,13.5
668,Nemelios,86,68,72,109,66,106,1.5,81.5
669,Flabebe,44,38,39,61,79,42,0.1,0.1
670,Floette,54,45,47,75,98,52,0.2,0.9
671,Florges,78,65,68,112,154,75,1.1,10.0
672,Cabriolaine,66,65,48,62,57,52,0.9,31.0
673,Chevroum,123,100,62,97,81,68,1.7,91.0
674,Pandespiegle,67,82,62,46,48,43,0.6,8.0
675,Pandarbare,95,124,78,69,71,58,2.1,136.0
676,Couafarel,75,80,60,65,90,102,1.2,28.0
677,Psystigri,62,48,54,63,60,68,0.3,3.5
678,Mistigrix,74,48,76,83,81,104,0.6,8.5
679,Monorpale,45,80,100,35,37,28,0.8,2.0
680,Dimocles,59,110,150,45,49,35,0.8,4.5
681,Exagide,60,50,140,50,140,60,1.7,53.0
682,Fluvetin,78,52,60,63,65,23,0.2,0.5
683,Cocotine,101,72,72,99,89,29,0.8,15.5
684,Sucroquin,62,48,66,59,57,49,0.4,3.5
685,Cupcanaille,82,80,86,85,75,72,0.8,5.0
686,Sepiatop,53,54,53,37,46,45,0.4,3.5
687,Sepiatroce,86,92,88,68,75,73,1.5,47.0
688,Opermine,42,52,67,39,56,50,0.5,31.0
689,Golgopathe,72,105,115,55,86,68,1.3,96.0
690,Venalgue,50,60,60,60,60,30,0.5,7.3
691,Kravarech,65,75,90,97,123,44,1.8,81.5
692,Flingouste,50,53,62,58,63,44,0.5,8.3
693,Gamblast,71,73,88,120,89,59,1.3,35.3
694,Galvaran,44,38,33,61,43,70,0.5,6.0
695,Iguolta,62,55,52,109,94,109,1.0,21.0
696,Ptyranidur,58,89,77,45,45,48,0.8,26.0
697,Rexillius,82,121,119,69,59,71,2.5,270.0
698,Amagara,77,59,50,67,63,46,1.3,25.2
699,Dragmara,123,77,72,99,92,58,2.7,225.0
700,Nymphali,95,65,65,110,130,60,1.0,23.5
701,Brutalibre,78,92,75,74,63,118,0.8,21.5
702,Dedenne,67,58,57,81,67,101,0.2,2.2
703,Strassie,50,50,150,50,150,50,0.3,5.7
704,Mucuscule,45,50,35,55,75,40,0.3,2.8
705,Colimucus,68,75,53,83,113,60,0.8,17.5
706,Muplodocus,90,100,70,110,150,80,2.0,150.5
707,Trousselin,57,80,91,80,87,75,0.2,3.0
708,Brocelome,43,70,48,50,60,38,0.4,7.0
709,Desseliande,85,110,76,65,82,56,1.5,71.0
710,Pitrouille,55,66,70,44,55,46,0.5,7.5
711,Banshitrouye,75,95,122,58,75,69,1.1,14.0
712,Grelaçon,55,69,85,32,35,28,1.0,99.5
713,Seracrawl,95,117,184,44,46,28,2.0,505.0
714,Sonistrelle,40,30,35,45,40,55,0.5,8.0
715,Bruyverne,85,70,80,97,80,123,1.5,85.0
716,Xerneas,126,131,95,131,98,99,3.0,215.0
717,Yveltal,126,131,95,131,98,99,5.8,203.0
718,Zygarde,108,100,121,81,95,95,5.0,305.0
719,Diancie,50,100,150,100,150,50,0.7,8.8
720,Hoopa,80,110,60,150,130,70,0.7,8.8
721,Volcanion,80,110,120,130,90,70,1.7,195.0
722,Brindibou,68,55,55,50,50,42,0.3,1.5
723,Effleche,78,75,75,70,70,52,0.7,16.0
724,Archeduc,78,107,75,100,100,70,1.6,36.6
725,Flamiaou,45,65,40,60,40,70,0.4,4.3
726,Matoufeu,65,85,50,80,50,90,0.7,25.0
727,Felinferno,95,115,90,80,90,60,1.8,83.0
728,Otaquin,50,54,54,66,56,40,0.4,7.5
729,Otarlette,60,69,69,91,81,50,0.6,17.5
730,Oratoria,80,74,74,126,116,60,1.8,44.0
731,Picassaut,35,75,30,30,30,65,0.3,1.2
732,Piclairon,55,85,50,40,50,75,0.6,14.8
733,Bazoucan,80,120,75,75,75,60,1.1,26.0
734,Manglouton,48,70,30,30,30,45,0.4,6.0
735,Argouste,88,110,60,55,60,45,0.7,14.2
736,Larvibule,47,62,45,55,45,46,0.4,4.4
737,Chrysapile,57,82,95,55,75,36,0.5,10.5
738,Lucanon,77,70,90,145,75,43,1.5,45.0
739,Crabagarre,47,82,57,42,47,63,0.6,7.0
740,Crabominable,97,132,77,62,67,43,1.7,180.0
741,Plumeline,75,70,70,98,70,93,0.6,3.4
742,Bombydou,40,45,40,55,40,84,0.1,0.2
743,Rubombelle,60,55,60,95,70,124,0.2,0.5
744,Rocabot,45,65,40,30,40,60,0.5,9.2
745,Lougaroc,75,115,65,55,65,112,0.8,25.0
746,Froussardine,45,20,20,25,25,40,0.2,0.3
747,Vorasterie,50,53,62,43,52,45,0.4,8.0
748,Predasterie,50,63,152,53,142,35,0.7,14.5
749,Tiboudet,70,100,70,45,55,45,1.0,110.0
750,Bourrinos,100,125,100,55,85,35,2.5,920.0
751,Araqua,38,40,52,40,72,27,0.3,4.0
752,Tarenbulle,68,70,92,50,132,42,1.8,82.0
753,Mimantis,40,55,35,50,35,35,0.3,1.5
754,Floramantis,70,105,90,80,90,45,0.9,18.5
755,Spododo,40,35,55,65,75,15,0.2,1.5
756,Lampignon,60,45,80,90,100,30,1.0,11.5
757,Tritox,48,44,40,71,40,77,0.6,4.8
758,Malamandre,68,64,60,111,60,117,1.2,22.2
759,Nounourson,70,75,50,45,50,50,0.5,6.8
760,Chelours,120,125,80,55,60,60,2.1,135.0
761,Croquine,42,30,38,30,38,32,0.3,3.2
762,Candine,52,40,48,40,48,62,0.7,8.2
763,Sucreine,72,120,98,50,98,72,1.2,21.4
764,Guerilande,51,52,90,82,110,100,0.1,0.3
765,Gouroutan,90,60,80,90,110,60,1.5,76.0
766,Quartermac,100,120,90,40,60,80,2.0,82.8
767,Sovkipou,25,35,40,20,30,80,0.5,12.0
768,Sarmurai,75,125,140,60,90,40,2.0,108.0
769,Bacabouh,55,55,80,70,45,15,0.5,70.0
770,Trepassable,85,75,110,100,75,35,1.3,250.0
771,Concombaffe,55,60,130,30,130,5,0.3,1.2
772,Type:0,95,95,95,95,95,59,1.9,120.5
773,Silvallie,95,95,95,95,95,95,2.3,100.5
774,Meteno,60,100,60,100,60,120,0.3,40.0
775,Dodoala,65,115,65,75,95,65,0.4,19.9
776,Boumata,60,78,135,91,85,36,2.0,212.0
777,Togedemaru,65,98,63,40,73,96,0.3,3.3
778,Mimiqui,55,90,80,50,105,96,0.2,0.7
779,Denticrisse,68,105,70,70,70,92,0.9,19.0
780,Draieul,78,60,85,135,91,36,3.0,185.0
781,Sinistrail,70,131,100,86,90,40,3.9,210.0
782,Bebecaille,45,55,65,45,45,45,0.6,29.7
783,ecaid,55,75,90,65,70,65,1.2,47.0
784,ekaiser,75,110,125,100,105,85,1.6,78.2
785,Tokorico,70,115,85,95,75,130,1.8,20.5
786,Tokopiyon,70,85,75,130,115,95,1.2,18.6
787,Tokotoro,70,130,115,85,95,75,1.9,45.5
788,Tokopisco,70,75,115,95,130,85,1.3,21.2
789,Cosmog,43,29,31,29,31,37,0.2,0.1
790,Cosmovum,43,29,131,29,131,37,0.1,999.9
791,Solgaleo,137,137,107,113,89,97,3.4,230.0
792,Lunala,137,113,89,137,107,97,4.0,120.0
793,Zeroid,109,53,47,127,131,103,1.2,55.5
794,Mouscoto,107,139,139,53,53,79,2.4,333.6
795,Cancrelove,71,137,37,137,37,151,1.8,25.0
796,Câblifere,83,89,71,173,71,83,3.8,100.0
797,Bamboiselle,97,101,103,107,101,61,9.2,999.9
798,Katagami,59,181,131,59,31,109,0.3,0.1
799,Engloutyran,223,101,53,97,53,43,5.5,888.0
800,Necrozma,97,107,101,127,89,79,2.4,230.0
801,Magearna,80,95,115,130,115,65,1.0,80.5
802,Marshadow,90,125,80,90,90,125,0.7,22.2
803,Vemini,67,73,67,73,67,73,0.6,1.8
804,Mandrillon,73,73,73,127,73,121,3.6,150.0
805,Ama-ama,61,131,211,53,101,13,5.5,820.0
806,Pierroteknik,53,127,53,151,79,107,1.8,13.0
807,Zeraora,88,112,75,102,80,143,1.5,44.5
808,Meltan,46,65,65,55,35,34,0.2,8.0
809,Melmetal,135,143,143,80,65,34,2.5,800.0
810,Ouistempo,50,65,50,40,40,65,0.3,5.0
811,Badabouin,70,85,70,55,60,80,0.7,14.0
812,Gorythmic,100,125,90,60,70,85,2.1,90.0
813,Flambino,50,71,40,40,40,69,0.3,4.5
814,Lapyro,65,86,60,55,60,94,0.6,9.0
815,Pyrobut,80,116,75,65,75,119,1.4,33.0
816,Larmeleon,50,40,40,70,40,70,0.3,4.0
817,Arrozard,65,60,55,95,55,90,0.7,11.5
818,Lezargus,70,85,65,125,65,120,1.9,45.2
819,Rongourmand,70,55,55,35,35,25,0.3,2.5
820,Rongrigou,120,95,95,55,75,20,0.6,6.0
821,Minisange,38,47,35,33,35,57,0.2,1.8
822,Bleuseille,68,67,55,43,55,77,0.8,16.0
823,Corvaillus,98,87,105,53,85,67,2.2,75.0
824,Larvadar,28,20,20,25,45,45,0.4,8.0
825,Coleodome,50,35,80,50,95,30,0.4,19.5
826,Astronelle,60,45,110,80,120,90,0.4,19.5
827,Goupilou,40,28,28,47,52,50,0.6,8.9
828,Roublenard,70,58,58,87,92,90,1.2,19.9
829,Tournicoton,40,40,60,40,60,10,0.4,2.2
830,Blancoton,60,50,90,80,120,60,0.5,2.5
831,Moumouton,42,40,55,40,45,48,0.6,6.0
832,Moumouflon,72,80,100,60,90,88,1.3,43.0
833,Khelocrok,50,64,50,38,38,44,0.3,8.5
834,Torgamord,90,115,90,48,68,74,1.0,115.5
835,Voltoutou,59,45,50,40,50,26,0.3,13.5
836,Fulgudog,69,90,60,90,60,121,1.0,34.0
837,Charbi,30,40,50,40,50,30,0.3,12.0
838,Wagomine,80,60,90,60,70,50,1.1,78.0
839,Monthracite,110,80,120,80,90,30,2.8,310.5
840,Verpom,40,40,80,40,40,20,0.2,0.5
841,Pomdrapi,70,110,80,95,60,70,0.3,1.0
842,Dratatin,110,85,80,100,80,30,0.4,13.0
843,Dunaja,52,57,75,35,50,46,2.2,7.6
844,Dunaconda,72,107,125,65,70,71,3.8,65.5
845,Nigosier,70,85,55,85,95,85,0.8,18.0
846,Embrochet,41,63,40,40,30,66,0.5,1.0
847,Hastacuda,61,123,60,60,50,136,1.3,30.0
848,Toxizap,40,38,35,54,35,40,0.4,11.0
849,Salarsen,75,98,70,114,70,75,1.6,40.0
850,Grillepattes,50,65,45,50,50,45,0.7,1.0
851,Scolocendre,100,115,65,90,90,65,3.0,120.0
852,Poulpaf,50,68,60,50,50,32,0.6,4.0
853,Krakos,80,118,90,70,80,42,1.6,39.0
854,Theffroi,40,45,45,74,54,50,0.1,0.2
855,Polthegeist,60,65,65,134,114,70,0.2,0.4
856,Bibichut,42,30,45,56,53,39,0.4,3.4
857,Chapotus,57,40,65,86,73,49,0.6,4.8
858,Sorcilence,57,90,95,136,103,29,2.1,5.1
859,Grimalin,45,45,30,55,40,50,0.4,5.5
860,Fourbelin,65,60,45,75,55,70,0.8,12.5
861,Angoliath,95,120,65,95,75,60,1.5,61.0
862,Ixon,93,90,101,60,81,95,1.6,46.0
863,Berserkatt,70,110,100,50,60,50,0.8,28.0
864,Corayome,60,95,50,145,130,30,1.0,0.4
865,Palarticho,62,135,95,68,82,65,0.8,117.0
866,M. Glaquette,80,85,75,110,100,70,1.5,58.2
867,Tutetekri,58,95,145,50,105,30,1.6,66.6
868,Cremy,45,40,40,50,61,34,0.2,0.3
869,Charmilly,65,60,75,110,121,64,0.3,0.5
870,Hexadron,65,100,100,70,60,75,3.0,62.0
871,Wattapik,48,101,95,91,85,15,0.3,1.0
872,Frissonille,30,25,35,45,30,20,0.3,3.8
873,Beldeneige,70,65,60,125,90,65,1.3,42.0
874,Dolman,100,125,135,20,20,70,2.5,520.0
875,Bekaglaçon,75,80,110,65,90,50,1.4,89.0
876,Wimessir,70,55,65,95,105,85,0.9,28.0
877,Morpeko,58,95,58,70,58,97,0.3,3.0
878,Charibari,72,80,49,40,49,40,1.2,100.0
879,Pachyradjah,122,130,69,80,69,30,3.0,650.0
880,Galvagon,90,100,90,80,70,75,1.8,190.0
881,Galvagla,90,100,90,90,80,55,2.3,150.0
882,Hydragon,90,90,100,70,80,75,2.3,215.0
883,Hydragla,90,90,100,80,90,55,2.0,175.0
884,Duralugon,70,95,115,120,50,85,1.8,40.0
885,Fantyrm,28,60,30,40,30,82,0.5,2.0
886,Dispareptil,68,80,50,60,50,102,1.4,11.0
887,Lanssorien,88,120,75,100,75,142,3.0,50.0
888,Zacian,92,170,115,80,115,148,2.8,110.0
889,Zamazenta,92,130,145,80,145,128,2.9,210.0
890,ethernatos,140,85,95,145,95,130,0.6,12.0
891,Wushours,60,90,60,53,50,72,0.6,12.0
892,Shifours,100,130,100,63,60,97,1.9,105.0
893,Zarude,105,120,105,70,95,105,1.8,70.0
894,Regieleki,80,100,50,100,50,200,1.2,145.0
895,Regidrago,200,100,50,100,50,80,2.1,200.0
896,Blizzeval,100,145,130,65,110,30,2.2,800.0
897,Spectreval,100,65,60,145,80,130,2.0,44.5
898,Sylveroy,100,80,80,80,80,80,1.1,7.7
899,Cerbyllin,103,105,72,105,75,65,1.8,95.1
900,Hachecateur,70,135,95,45,70,85,1.8,89.0
901,Ursaking,130,140,105,45,80,50,2.4,290.0
902,Paragruel,120,112,65,80,75,78,3.0,110.0
903,Farfurex,80,130,60,40,80,120,1.3,43.0
904,Qwilpik,85,115,95,65,65,85,2.5,60.5
905,Amovenus,74,115,70,135,80,106,1.6,48.0
906,Poussacha,40,61,54,45,45,65,0.4,4.1
907,Matourgeon,61,80,63,60,63,83,0.9,12.2
908,Miascarade,76,110,70,81,70,123,1.5,31.2
909,Chochodile,67,45,59,63,40,36,0.4,9.8
910,Crocogril,81,55,78,90,58,49,1.0,30.7
911,Flâmigator,104,75,100,110,75,66,1.6,326.5
912,Coiffeton,55,65,45,50,45,50,0.5,6.1
913,Canarbello,70,85,65,65,60,65,1.2,21.5
914,Palmaval,85,120,80,85,75,85,1.8,61.9
915,Gourmelet,54,45,40,35,45,35,0.5,10.2
916,Fragroin,110,100,75,59,80,65,1.0,120.0
917,Tissenboule,35,41,45,29,40,20,0.3,4.0
918,Filentrappe,60,79,92,52,86,35,1.0,16.5
919,Lilliterelle,33,46,40,21,25,45,0.2,1.0
920,Gambex,71,102,78,52,55,92,1.0,17.5
921,Pohm,45,50,20,40,25,60,0.3,2.5
922,Pohmotte,60,75,40,50,40,85,0.4,6.5
923,Pohmarmotte,70,115,70,70,60,105,0.9,41.0
924,Compagnol,50,50,45,40,45,75,0.3,1.8
925,Famignol,74,75,70,65,75,111,0.3,2.3
926,Pâtachiot,37,55,70,30,55,65,0.3,10.9
927,Briochien,57,80,115,50,80,95,0.5,14.9
928,Olivini,41,35,45,58,51,30,0.3,6.5
929,Olivado,52,53,60,78,78,33,0.6,11.9
930,Arboliva,78,69,90,125,109,39,1.4,48.2
931,Tapatoes,82,96,51,45,51,95,0.6,2.4
932,Selutin,55,55,75,35,35,25,0.4,16.0
933,Amassel,60,60,100,35,65,35,0.6,105.0
934,Gigansel,100,100,130,45,90,35,2.3,240.0
935,Charbambin,40,50,40,50,40,35,0.6,10.5
936,Carmadura,85,60,100,125,80,75,1.5,85.0
937,Malvalame,75,125,80,60,100,85,1.6,62.0
938,Tetampoule,61,31,41,59,35,45,0.3,0.4
939,Ampibidou,109,64,91,103,83,45,1.2,113.0
940,Zapetrel,40,40,35,55,40,70,0.4,3.6
941,Fulgulairo,70,70,60,105,60,125,1.4,38.6
942,Grondogue,60,78,60,40,51,51,0.5,16.0
943,Dogrino,80,120,90,60,70,85,1.1,61.0
944,Gribouraigne,40,65,35,40,35,75,0.2,0.7
945,Tag-Tag,40,65,35,40,35,75,0.7,27.2
946,Virovent,40,65,30,45,35,60,0.6,0.6
947,Virevorreur,55,115,70,80,70,90,1.2,6.0
948,Terracool,40,40,35,50,100,70,0.9,33.0
949,Terracruel,80,70,65,80,120,100,1.9,58.0
950,Craparoi,50,100,115,35,55,75,1.3,79.0
951,Pimito,52,62,40,62,40,50,0.3,3.0
952,Scovilain,65,108,65,108,65,75,0.9,15.0
953,Leboulerou,41,50,60,31,58,30,0.2,1.0
954,Berasca,75,50,85,115,100,45,0.3,3.5
955,Flotillon,30,35,30,55,30,75,0.2,1.5
956,Cleopsytra,95,60,60,101,60,105,1.9,90.0
957,Forgerette,50,45,45,35,64,58,0.4,8.9
958,Forgella,65,55,55,45,82,78,0.7,59.1
959,Forgelina,85,75,77,70,105,94,0.7,112.8
960,Taupikeau,10,55,25,35,25,95,1.2,1.8
961,Triopikeau,35,100,50,50,70,120,1.2,5.4
962,Lestombaile,70,103,85,60,85,82,1.5,42.9
963,Dofin,70,45,40,45,40,75,1.3,60.2
964,Superdofin,100,70,72,53,62,100,1.3,60.2
965,Vrombi,45,70,63,30,45,47,1.0,35.0
966,Vrombotor,80,119,90,54,67,90,1.8,120.0
967,Motorizard,70,95,65,85,65,121,1.6,63.0
968,Ferdeter,70,85,145,60,55,65,2.5,310.0
969,Germeclat,48,35,42,105,60,60,0.7,8.0
970,Floreclat,83,55,90,130,81,86,1.5,45.0
971,Toutombe,50,61,60,30,55,34,0.6,35.0
972,Tomberro,72,101,100,50,97,68,2.0,15.0
973,Flamenroule,82,115,74,75,64,90,1.6,37.0
974,Pietace,108,68,45,30,40,43,1.2,45.0
975,Balbaleze,170,113,65,45,55,73,4.5,700.0
976,Delestin,90,102,73,78,65,70,2.5,90.0
977,Oyacata,150,100,115,65,65,35,12.0,220.0
978,Nigirigon,68,50,60,120,95,82,0.3,8.0
979,Courrousinge,100,115,80,50,90,90,1.2,56.0
980,Terraiste,130,75,60,45,100,20,1.8,223.0
981,Farigiraf,120,90,70,110,70,60,3.2,160.0
982,Deusolourdo,125,100,80,85,75,55,1.5,14.0
983,Scalpereur,100,135,120,60,85,50,2.0,120.0
984,Fort-Ivoire,115,131,131,53,53,87,2.2,320.0
985,Hurle-Queue,115,65,99,65,115,111,1.2,8.0
986,Fongus-Furie,111,127,99,79,99,55,1.2,21.0
987,Flotte-Meche,55,55,55,135,135,135,1.4,4.0
988,Rampe-Ailes,85,135,79,85,105,81,3.2,92.0
989,Pelage-Sable,85,81,97,121,85,101,2.3,60.0
990,Roue-de-Fer,90,112,120,72,70,106,0.9,240.0
991,Hotte-de-Fer,56,80,114,124,60,136,0.6,11.0
992,Paume-de-Fer,154,140,108,50,68,50,1.8,380.7
993,Tetes-de-Fer,94,80,86,122,80,108,1.3,111.0
994,Mite-de-Fer,80,70,60,140,110,110,1.2,36.0
995,epine-de-Fer,100,134,110,70,84,72,1.6,303.0
996,Frigodo,65,75,45,35,45,55,0.5,17.0
997,Cryodo,90,95,66,45,65,62,0.8,30.0
998,Glaivodo,115,145,92,75,86,87,2.1,210.0
999,Mordudor,45,30,70,75,70,10,0.3,5.0
1000,Gromago,87,60,95,133,91,84,1.2,30.0
1001,Chongjian,85,85,100,95,135,70,1.5,74.2
1002,Baojian,80,120,80,90,65,135,1.9,152.2
1003,Dinglu,155,110,125,55,80,45,2.7,699.7
1004,Yuyu,55,80,80,135,120,100,0.4,4.9
1005,Rugit-Lune,105,139,71,55,101,119,2.0,380.0
1006,Garde-de-Fer,74,130,90,120,60,116,1.4,35.0
1007,Koraidon,100,135,115,85,100,135,2.5,303.0
1008,Miraidon,100,85,100,135,115,135,3.5,240.0
1009,Serpente-Eau,99,83,91,125,83,109,3.5,280.0
1010,Vert-de-Fer,90,130,88,70,108,104,1.5,125.0
1011,Pomdramour,80,80,110,95,80,40,0.4,4.4
1012,Poltchageist,40,45,45,74,54,50,0.1,1.1
1013,Theffroyable,71,60,106,121,80,70,0.2,2.2
1014,Felicanis,88,128,115,58,86,80,1.8,92.2
1015,Fortusimia,88,75,66,130,90,106,1.0,12.2
1016,Favianos,88,91,82,70,125,99,1.4,30.1
1017,Ogerpon,80,120,84,60,96,110,1.2,39.8
1018,Pondralugon,90,105,130,125,65,85,2.0,60.0
1019,Pomdorochi,106,80,110,120,80,44,1.8,93.0
1020,Feu-Perçant,105,115,121,65,93,91,3.5,590.0
1021,Ire-Foudre,125,73,91,137,89,75,5.2,480.0
1022,Roc-de-Fer,90,120,80,68,108,124,1.5,162.5
1023,Chef-de-Fer,90,72,100,122,108,98,1.6,156.0
1024,Terapagos,90,65,85,65,85,60,3.5,590.0
1025,Pechaminus,88,88,160,88,88,88,0.3,0.3
