id,nom,categorie,prix
1,Master Ball,Pokeballs,145
2,Ultra Ball,Pokeballs,583
3,Great Ball,Pokeballs,749
4,Poke Ball,Pokeballs,247
5,Safari Ball,Pokeballs,239
6,Net Ball,Pokeballs,435
7,Dive Ball,Pokeballs,176
8,Nest Ball,Pokeballs,813
9,Repeat Ball,Pokeballs,241
10,Timer Ball,Pokeballs,401
11,Luxury Ball,Pokeballs,143
12,Premier Ball,Pokeballs,109
13,Dusk Ball,Pokeballs,638
14,Heal Ball,Pokeballs,834
15,Quick Ball,Pokeballs,811
16,Cherish Ball,Pokeballs,502
17,Potion,Medecine,261
18,Antidote,Medecine,926
19,Burn Heal,Medecine,865
20,Ice Heal,Medecine,171
21,Awakening,Medecine,247
22,Paralyze Heal,Medecine,684
23,Full Restore,Medecine,413
24,Max Potion,Medecine,905
25,Hyper Potion,Medecine,805
26,Super Potion,Medecine,106
27,Full Heal,Medecine,615
28,Revive,Medecine,958
29,Max Revive,Medecine,271
30,Fresh Water,Medecine,146
31,Soda Pop,Medecine,915
32,Lemonade,Medecine,180
33,Moomoo Milk,Medecine,198
34,Energy Powder,Medecine,203
35,Energy Root,Medecine,633
36,Heal Powder,Medecine,551
37,Revival Herb,Medecine,598
38,Ether,Medecine,195
39,Max Ether,Medecine,818
40,Elixir,Medecine,168
41,Max Elixir,Medecine,979
42,Lava Cookie,Medecine,965
43,Berry Juice,Medecine,578
44,Sacred Ash,Medecine,809
45,HP Up,Medecine,103
46,Protein,Medecine,249
47,Iron,Medecine,279
48,Carbos,Medecine,588
49,Calcium,Medecine,616
50,Rare Candy,Medecine,565
51,PP Up,Medecine,594
52,Zinc,Medecine,217
53,PP Max,Medecine,305
54,Old Gateau,Medecine,298
55,Guard Spec.,Items de combats,267
56,Dire Hit,Items de combats,412
57,X Attack,Items de combats,267
58,X Defense,Items de combats,290
59,X Speed,Items de combats,966
60,X Accuracy,Items de combats,932
61,X Sp. Atk,Items de combats,757
62,X Sp. Def,Items de combats,393
63,Poke Doll,Objets generaux,911
64,Fluffy Tail,Objets generaux,122
65,Blue Flute,Objets generaux,924
66,Yellow Flute,Objets generaux,550
67,Red Flute,Objets generaux,132
68,Black Flute,Objets generaux,355
69,White Flute,Objets generaux,730
70,Shoal Salt,Objets generaux,559
71,Shoal Shell,Objets generaux,852
72,Red Shard,Objets generaux,274
73,Blue Shard,Objets generaux,711
74,Yellow Shard,Objets generaux,590
75,Green Shard,Objets generaux,778
76,Super Repel,Objets generaux,892
77,Max Repel,Objets generaux,654
78,Escape Rope,Objets generaux,905
79,Repel,Objets generaux,796
80,Sun Stone,Objets generaux,863
81,Moon Stone,Objets generaux,601
82,Fire Stone,Objets generaux,763
83,Thunder Stone,Objets generaux,277
84,Water Stone,Objets generaux,805
85,Leaf Stone,Objets generaux,642
86,Tiny Mushroom,Objets generaux,857
87,Big Mushroom,Objets generaux,710
88,Pearl,Objets generaux,628
89,Big Pearl,Objets generaux,241
90,Stardust,Objets generaux,618
91,Star Piece,Objets generaux,865
92,Nugget,Objets generaux,835
93,Heart Scale,Objets generaux,561
94,Honey,Objets generaux,251
95,Growth Mulch,Objets generaux,145
96,Damp Mulch,Objets generaux,224
97,Stable Mulch,Objets generaux,118
98,Gooey Mulch,Objets generaux,839
99,Root Fossil,Objets generaux,112
100,Claw Fossil,Objets generaux,326
102,Dome Fossil,Objets generaux,864
103,Old Amber,Objets generaux,643
104,Armor Fossil,Objets generaux,847
105,Skull Fossil,Objets generaux,260
106,Rare Bone,Objets generaux,549
107,Shiny Stone,Objets generaux,410
108,Dusk Stone,Objets generaux,369
109,Dawn Stone,Objets generaux,969
110,Oval Stone,Objets generaux,855
111,Odd Keystone,Objets generaux,701
112,Griseous Orb,Objets tenus,334
116,Douse Drive,Objets tenus,792
117,Shock Drive,Objets tenus,850
118,Burn Drive,Objets tenus,758
119,Chill Drive,Objets tenus,591
134,Sweet Heart,Medecine,669
135,Adamant Orb,Objets tenus,384
136,Lustrous Orb,Objets tenus,611
149,Cheri Berry,Baies,132
150,Chesto Berry,Baies,685
151,Pecha Berry,Baies,727
152,Rawst Berry,Baies,754
153,Aspear Berry,Baies,348
154,Leppa Berry,Baies,774
155,Oran Berry,Baies,431
156,Persim Berry,Baies,388
157,Lum Berry,Baies,833
158,Sitrus Berry,Baies,932
159,Figy Berry,Baies,352
160,Wiki Berry,Baies,215
161,Mago Berry,Baies,674
162,Aguav Berry,Baies,344
163,Iapapa Berry,Baies,347
164,Razz Berry,Baies,753
165,Bluk Berry,Baies,439
166,Nanab Berry,Baies,324
167,Wepear Berry,Baies,540
168,Pinap Berry,Baies,462
170,Kelpsy Berry,Baies,248
171,Qualot Berry,Baies,921
172,Hondew Berry,Baies,841
173,Grepa Berry,Baies,135
174,Tamato Berry,Baies,150
175,Cornn Berry,Baies,639
176,Magost Berry,Baies,209
177,Rabuta Berry,Baies,528
178,Nomel Berry,Baies,778
179,Spelon Berry,Baies,426
180,Pamtre Berry,Baies,405
181,Watmel Berry,Baies,779
182,Durin Berry,Baies,953
183,Belue Berry,Baies,792
184,Occa Berry,Baies,723
185,Passho Berry,Baies,786
186,Wacan Berry,Baies,693
187,Rindo Berry,Baies,402
188,Yache Berry,Baies,956
189,Chople Berry,Baies,679
190,Kebia Berry,Baies,193
191,Shuca Berry,Baies,832
192,Coba Berry,Baies,937
193,Payapa Berry,Baies,525
194,Tanga Berry,Baies,520
195,Charti Berry,Baies,549
196,Kasib Berry,Baies,282
197,Haban Berry,Baies,799
198,Colbur Berry,Baies,361
199,Babiri Berry,Baies,334
200,Chilan Berry,Baies,147
201,Liechi Berry,Baies,448
202,Ganlon Berry,Baies,736
203,Salac Berry,Baies,412
204,Petaya Berry,Baies,149
205,Apicot Berry,Baies,860
206,Lansat Berry,Baies,908
207,Starf Berry,Baies,254
208,Enigma Berry,Baies,352
209,Micle Berry,Baies,330
210,Custap Berry,Baies,827
211,Jaboca Berry,Baies,337
212,Rowap Berry,Baies,303
213,Bright Powder,Objets tenus,716
214,White Herb,Objets tenus,906
215,Macho Brace,Objets tenus,908
216,Exp. Share,Objets tenus,736
217,Quick Claw,Objets tenus,734
218,Soothe Bell,Objets tenus,412
219,Mental Herb,Objets tenus,510
220,Choice Band,Objets tenus,891
221,King\'s Rock,Objets tenus,678
222,Silver Powder,Objets tenus,931
223,Amulet Coin,Objets tenus,964
224,Cleanse Tag,Objets tenus,895
225,Soul Dew,Objets tenus,540
226,Deep Sea Tooth,Objets tenus,460
227,Deep Sea Scale,Objets tenus,155
228,Smoke Ball,Objets tenus,634
229,Everstone,Objets tenus,250
230,Focus Band,Objets tenus,138
231,Lucky Egg,Objets tenus,183
232,Scope Lens,Objets tenus,599
233,Metal Coat,Objets tenus,675
234,Leftovers,Objets tenus,964
235,Dragon Scale,Objets generaux,940
236,Light Ball,Objets tenus,439
237,Soft Sand,Objets tenus,861
238,Hard Stone,Objets tenus,101
239,Miracle Seed,Objets tenus,239
240,Black Glasses,Objets tenus,233
241,Black Belt,Objets tenus,243
242,Magnet,Objets tenus,880
243,Mystic Water,Objets tenus,573
244,Sharp Beak,Objets tenus,885
245,Poison Barb,Objets tenus,919
246,Never-Melt Ice,Objets tenus,706
247,Spell Tag,Objets tenus,480
248,Twisted Spoon,Objets tenus,637
249,Charcoal,Objets tenus,403
250,Dragon Fang,Objets tenus,249
251,Silk Scarf,Objets tenus,503
253,Shell Bell,Objets tenus,168
254,Sea Incense,Objets tenus,544
255,Lax Incense,Objets tenus,569
256,Lucky Punch,Objets tenus,433
257,Metal Powder,Objets tenus,994
258,Thick Club,Objets tenus,706
260,Red Scarf,Objets generaux,839
261,Blue Scarf,Objets generaux,975
262,Pink Scarf,Objets generaux,783
263,Green Scarf,Objets generaux,751
264,Yellow Scarf,Objets generaux,147
265,Wide Lens,Objets tenus,203
266,Muscle Band,Objets tenus,967
267,Wise Glasses,Objets tenus,889
268,Expert Belt,Objets tenus,945
269,Light Clay,Objets tenus,172
270,Life Orb,Objets tenus,470
271,Power Herb,Objets tenus,832
272,Toxic Orb,Objets tenus,226
273,Flame Orb,Objets tenus,257
274,Quick Powder,Objets tenus,466
275,Focus Sash,Objets tenus,662
276,Zoom Lens,Objets tenus,770
277,Metronome,Objets tenus,742
278,Iron Ball,Objets tenus,825
279,Lagging Tail,Objets tenus,276
280,Destiny Knot,Objets tenus,878
281,Black Sludge,Objets tenus,204
282,Icy Rock,Objets tenus,185
283,Smooth Rock,Objets tenus,265
284,Heat Rock,Objets tenus,904
285,Damp Rock,Objets tenus,150
286,Grip Claw,Objets tenus,388
287,Choice Scarf,Objets tenus,814
288,Sticky Barb,Objets tenus,770
289,Power Bracer,Objets tenus,458
290,Power Belt,Objets tenus,433
291,Power Lens,Objets tenus,660
292,Power Band,Objets tenus,645
293,Power Anklet,Objets tenus,472
294,Power Weight,Objets tenus,679
295,Shed Shell,Objets tenus,977
296,Big Root,Objets tenus,617
297,Choice Specs,Objets tenus,117
298,Flame Plate,Objets tenus,220
299,Splash Plate,Objets tenus,913
300,Zap Plate,Objets tenus,462
301,Meadow Plate,Objets tenus,859
302,Icicle Plate,Objets tenus,524
303,Fist Plate,Objets tenus,403
304,Toxic Plate,Objets tenus,764
305,Earth Plate,Objets tenus,375
306,Sky Plate,Objets tenus,309
307,Mind Plate,Objets tenus,830
308,Insect Plate,Objets tenus,282
309,Stone Plate,Objets tenus,294
310,Spooky Plate,Objets tenus,784
311,Draco Plate,Objets tenus,493
312,Dread Plate,Objets tenus,421
313,Iron Plate,Objets tenus,167
314,Odd Incense,Objets tenus,645
315,Rock Incense,Objets tenus,504
316,Full Incense,Objets tenus,573
317,Wave Incense,Objets tenus,198
318,Rose Incense,Objets tenus,640
319,Luck Incense,Objets tenus,915
320,Pure Incense,Objets tenus,751
321,Protector,Objets generaux,582
322,Electirizer,Objets generaux,154
323,Magmarizer,Objets generaux,742
324,Dubious Disc,Objets generaux,982
325,Reaper Cloth,Objets generaux,316
326,Razor Claw,Objets tenus,496
327,Razor Fang,Objets tenus,494
328,TM01,Machines,496
329,TM02,Machines,359
330,TM03,Machines,276
331,TM04,Machines,676
332,TM05,Machines,985
333,TM06,Machines,207
334,TM07,Machines,461
335,TM08,Machines,547
336,TM09,Machines,128
337,TM10,Machines,586
338,TM11,Machines,423
339,TM12,Machines,751
340,TM13,Machines,836
341,TM14,Machines,518
342,TM15,Machines,827
343,TM16,Machines,489
344,TM17,Machines,212
345,TM18,Machines,199
346,TM19,Machines,713
347,TM20,Machines,393
348,TM21,Machines,558
349,TM22,Machines,957
350,TM23,Machines,641
351,TM24,Machines,705
352,TM25,Machines,520
353,TM26,Machines,623
354,TM27,Machines,799
355,TM28,Machines,274
356,TM29,Machines,343
357,TM30,Machines,553
358,TM31,Machines,457
359,TM32,Machines,225
360,TM33,Machines,741
361,TM34,Machines,856
362,TM35,Machines,993
363,TM36,Machines,602
364,TM37,Machines,282
365,TM38,Machines,494
366,TM39,Machines,313
367,TM40,Machines,713
368,TM41,Machines,689
369,TM42,Machines,318
370,TM43,Machines,145
371,TM44,Machines,573
372,TM45,Machines,895
373,TM46,Machines,271
374,TM47,Machines,164
375,TM48,Machines,351
376,TM49,Machines,788
377,TM50,Machines,559
378,TM51,Machines,151
379,TM52,Machines,816
380,TM53,Machines,730
381,TM54,Machines,400
382,TM55,Machines,496
383,TM56,Machines,227
384,TM57,Machines,602
385,TM58,Machines,303
386,TM59,Machines,516
387,TM60,Machines,577
388,TM61,Machines,769
389,TM62,Machines,305
390,TM63,Machines,129
391,TM64,Machines,943
392,TM65,Machines,249
393,TM66,Machines,509
394,TM67,Machines,176
395,TM68,Machines,665
396,TM69,Machines,939
397,TM70,Machines,493
398,TM71,Machines,339
399,TM72,Machines,530
400,TM73,Machines,420
401,TM74,Machines,786
402,TM75,Machines,222
403,TM76,Machines,431
404,TM77,Machines,776
405,TM78,Machines,176
406,TM79,Machines,686
407,TM80,Machines,869
408,TM81,Machines,813
409,TM82,Machines,869
410,TM83,Machines,313
411,TM84,Machines,424
412,TM85,Machines,289
413,TM86,Machines,200
414,TM87,Machines,602
415,TM88,Machines,914
416,TM89,Machines,438
417,TM90,Machines,520
418,TM91,Machines,786
419,TM92,Machines,746
420,HM01,Machines,749
421,HM02,Machines,658
422,HM03,Machines,450
423,HM04,Machines,631
424,HM05,Machines,504
425,HM06,Machines,914
428,Explorer Kit,elements cles,493
429,Loot Sack,elements cles,987
430,Rule Book,elements cles,168
431,Poke Radar,elements cles,349
432,Point Card,elements cles,976
433,Journal,elements cles,670
434,Seal Case,elements cles,248
435,Fashion Case,elements cles,995
436,Seal Bag,elements cles,193
437,Pal Pad,elements cles,729
438,Works Key,elements cles,548
439,Old Charm,elements cles,718
440,Galactic Key,elements cles,678
441,Red Chain,elements cles,710
442,Town Map,elements cles,298
443,Vs. Seeker,elements cles,119
444,Coin Case,elements cles,106
445,Old Rod,elements cles,958
446,Good Rod,elements cles,708
447,Super Rod,elements cles,381
448,Sprayduck,elements cles,488
449,Poffin Case,elements cles,967
451,Suite Key,elements cles,949
452,Oak\'s Letter,elements cles,526
453,Lunar Wing,elements cles,254
454,Member Card,elements cles,777
455,Azure Flute,elements cles,823
457,Contest Pass,elements cles,262
458,Magma Stone,elements cles,592
460,Coupon 1,elements cles,776
461,Coupon 2,elements cles,653
462,Coupon 3,elements cles,573
464,Secret Potion,elements cles,689
465,Vs. Recorder,elements cles,529
466,Gracidea,elements cles,360
468,Apricorn Box,elements cles,133
469,Unown Report,elements cles,134
470,Berry Pots,elements cles,159
471,Dowsing Machine,elements cles,311
472,Blue Card,elements cles,947
473,Slowpoke Tail,elements cles,749
474,Clear Bell,elements cles,837
477,Squirt Bottle,elements cles,969
478,Red Scale,elements cles,510
479,Lost Item,elements cles,779
480,Pass,elements cles,426
481,Machine Part,elements cles,230
482,Silver Wing,elements cles,902
483,Rainbow Wing,elements cles,359
484,Mystery Egg,elements cles,769
485,Red Apricorn,Objets generaux,832
486,Blue Apricorn,Objets generaux,932
487,Yellow Apricorn,Objets generaux,865
488,Green Apricorn,Objets generaux,671
489,Pink Apricorn,Objets generaux,454
490,White Apricorn,Objets generaux,250
491,Black Apricorn,Objets generaux,347
492,Fast Ball,Pokeballs,964
493,Level Ball,Pokeballs,317
494,Lure Ball,Pokeballs,149
495,Heavy Ball,Pokeballs,171
496,Love Ball,Pokeballs,591
497,Friend Ball,Pokeballs,387
498,Moon Ball,Pokeballs,717
499,Sport Ball,Pokeballs,355
500,Park Ball,Pokeballs,387
501,Photo Album,elements cles,731
502,GB Sounds,elements cles,642
503,Tidal Bell,elements cles,203
504,Rage Candy Bar,Medecine,890
505,Data Card 01,elements cles,954
506,Data Card 02,elements cles,818
507,Data Card 03,elements cles,814
508,Data Card 04,elements cles,767
509,Data Card 05,elements cles,904
510,Data Card 06,elements cles,715
511,Data Card 07,elements cles,882
512,Data Card 08,elements cles,305
513,Data Card 09,elements cles,302
514,Data Card 10,elements cles,460
515,Data Card 11,elements cles,615
516,Data Card 12,elements cles,507
517,Data Card 13,elements cles,546
518,Data Card 14,elements cles,476
519,Data Card 15,elements cles,110
520,Data Card 16,elements cles,982
521,Data Card 17,elements cles,986
522,Data Card 18,elements cles,691
523,Data Card 19,elements cles,523
524,Data Card 20,elements cles,604
525,Data Card 21,elements cles,987
526,Data Card 22,elements cles,960
527,Data Card 23,elements cles,172
528,Data Card 24,elements cles,514
529,Data Card 25,elements cles,392
530,Data Card 26,elements cles,819
531,Data Card 27,elements cles,465
532,Jade Orb,elements cles,850
533,Lock Capsule,elements cles,663
534,Red Orb,elements cles,808
535,Blue Orb,elements cles,362
536,Enigma Stone,elements cles,652
538,Eviolite,Objets tenus,841
539,Float Stone,Objets tenus,642
540,Rocky Helmet,Objets tenus,846
541,Air Balloon,Objets tenus,767
542,Red Card,Objets tenus,732
543,Ring Target,Objets tenus,383
544,Binding Band,Objets tenus,622
545,Absorb Bulb,Objets tenus,494
546,Cell Battery,Objets tenus,508
547,Eject Button,Objets tenus,363
548,Fire Gem,Objets tenus,439
549,Water Gem,Objets tenus,654
550,Electric Gem,Objets tenus,515
551,Grass Gem,Objets tenus,954
552,Ice Gem,Objets tenus,108
553,Fighting Gem,Objets tenus,592
554,Poison Gem,Objets tenus,647
555,Ground Gem,Objets tenus,615
556,Flying Gem,Objets tenus,526
557,Psychic Gem,Objets tenus,908
559,Rock Gem,Objets tenus,780
560,Ghost Gem,Objets tenus,620
561,Dragon Gem,Objets tenus,917
562,Dark Gem,Objets tenus,191
563,Steel Gem,Objets tenus,114
564,Normal Gem,Objets tenus,503
572,Cover Fossil,Objets generaux,947
573,Plume Fossil,Objets generaux,472
574,Liberty Pass,elements cles,733
575,Pass Orb,Objets tenus,678
576,Dream Ball,Pokeballs,958
577,Poke Toy,Objets generaux,799
578,Prop Case,elements cles,460
579,Dragon Skull,elements cles,693
580,Balm Mushroom,Objets generaux,471
581,Big Nugget,Objets generaux,537
582,Pearl String,Objets generaux,349
583,Comet Shard,Objets generaux,409
584,Relic Copper,Objets generaux,529
585,Relic Silver,Objets generaux,139
586,Relic Gold,Objets generaux,266
587,Relic Vase,Objets generaux,201
588,Relic Band,Objets generaux,687
589,Relic Statue,Objets generaux,428
590,Relic Crown,Objets generaux,805
591,Casteliacone,Medecine,828
592,Dire Hit 2,Items de combats,379
593,X Speed 2,Items de combats,583
594,X Sp. Atk 2,Items de combats,148
595,X Sp. Def 2,Items de combats,207
596,X Defense 2,Items de combats,548
597,X Attack 2,Items de combats,846
598,X Accuracy 2,Items de combats,796
599,X Speed 3,Items de combats,584
600,X Sp. Atk 3,Items de combats,257
601,X Sp. Def 3,Items de combats,127
602,X Defense 3,Items de combats,412
603,X Attack 3,Items de combats,866
604,X Accuracy 3,Items de combats,478
605,X Speed 6,Items de combats,980
607,X Sp. Def 6,Items de combats,251
608,X Defense 6,Items de combats,511
609,X Attack 6,Items de combats,498
610,X Accuracy 6,Items de combats,561
611,Ability Urge,Items de combats,912
612,Item Drop,Items de combats,775
613,Item Urge,Items de combats,382
614,Reset Urge,Items de combats,192
615,Dire Hit 3,Items de combats,903
616,Light Stone,elements cles,106
617,Dark Stone,elements cles,188
618,TM93,Machines,188
619,TM94,Machines,903
620,TM95,Machines,755
623,Gram 1,elements cles,953
624,Gram 2,elements cles,581
625,Gram 3,elements cles,146
626,Xtransceiver,elements cles,272
627,Medal Box,elements cles,722
629,DNA Splicers,Objets generaux,345
630,Permit,Objets generaux,602
631,Oval Charm,Objets generaux,599
632,Shiny Charm,Objets generaux,363
633,Plasma Card,Objets tenus,684
634,Grubby Hanky,Objets tenus,603
635,Colress Machine,Objets tenus,192
637,Dropped Item,Objets tenus,623
638,Reveal Glass,Objets generaux,617
639,Weakness Policy,Objets tenus,190
640,Assault Vest,Objets tenus,835
642,Prof\'s Letter,Objets tenus,743
643,Roller Skates,Objets generaux,164
644,Pixie Plate,Objets tenus,200
645,Ability Capsule,Objets tenus,482
646,Whipped Dream,Objets generaux,472
647,Sachet,Objets generaux,359
648,Luminous Moss,Objets tenus,485
649,Snowball,Objets tenus,668
650,Safety Goggles,Objets tenus,322
651,Poke Flute,elements cles,791
652,Rich Mulch,elements cles,200
653,Surprise Mulch,elements cles,717
654,Boost Mulch,elements cles,878
655,Amaze Mulch,elements cles,574
656,Gengarite,Objets tenus,341
657,Gardevoirite,Objets tenus,292
658,Ampharosite,Objets tenus,440
659,Venusaurite,Objets tenus,274
660,Charizardite X,Objets tenus,632
661,Blastoisinite,Objets tenus,922
662,Mewtwonite X,Objets tenus,732
663,Mewtwonite Y,Objets tenus,819
664,Blazikenite,Objets tenus,714
665,Medichamite,Objets tenus,485
666,Houndoominite,Objets tenus,560
667,Aggronite,Objets tenus,250
668,Banettite,Objets tenus,264
669,Tyranitarite,Objets tenus,207
670,Scizorite,Objets tenus,404
671,Pinsirite,Objets tenus,244
672,Aerodactylite,Objets tenus,757
673,Lucarionite,Objets tenus,748
674,Abomasite,Objets tenus,273
675,Kangaskhanite,Objets tenus,956
676,Gyaradosite,Objets tenus,400
677,Absolite,Objets tenus,239
678,Charizardite Y,Objets tenus,917
679,Alakazite,Objets tenus,398
680,Heracronite,Objets tenus,521
681,Mawilite,Objets tenus,412
682,Manectite,Objets tenus,163
683,Garchompite,Objets tenus,428
684,Latiasite,Objets tenus,350
685,Latiosite,Objets tenus,363
686,Roseli Berry,Baies,912
687,Kee Berry,Baies,994
688,Maranga Berry,Baies,113
689,Sprinklotad,Objets generaux,834
690,TM96,Machines,407
691,TM97,Machines,946
692,TM98,Machines,593
693,TM99,Machines,421
694,TM100,Machines,457
695,Power Plant Pass,Objets tenus,288
696,Mega Ring,elements cles,226
697,Intriguing Stone,Objets tenus,581
699,Discount Coupon,Objets generaux,187
700,Elevator Key,Objets tenus,443
701,TMV Pass,Objets generaux,621
704,Strange Souvenir,Objets generaux,790
705,Lens Case,elements cles,325
706,Makeup Bag,elements cles,809
708,Lumiose Galette,Medecine,826
709,Shalour Sable,Medecine,707
712,Looker Ticket,Objets tenus,667
713,Bike,elements cles,916
714,Holo Caster,elements cles,382
715,Fairy Gem,Objets generaux,490
718,Mach Bike,elements cles,139
719,Acro Bike,elements cles,921
720,Wailmer Pail,elements cles,655
721,Devon Parts,elements cles,935
722,Soot Sack,elements cles,559
723,Basement Key,elements cles,224
724,Pokeblock Kit,elements cles,120
725,Letter,elements cles,476
726,Eon Ticket,elements cles,927
727,Scanner,elements cles,617
728,Go-Goggles,elements cles,323
730,Key to Room 1,elements cles,262
731,Key to Room 2,elements cles,736
732,Key to Room 4,elements cles,346
733,Key to Room 6,elements cles,451
734,Storage Key,elements cles,926
735,Devon Scope,elements cles,197
737,HM07,Machines,460
738,Devon Scuba Gear,elements cles,747
740,Contest Costume,elements cles,783
741,Magma Suit,elements cles,746
742,Aqua Suit,elements cles,159
743,Pair of Tickets,elements cles,463
744,Mega Bracelet,elements cles,848
752,Swampertite,Objets tenus,469
753,Sceptilite,Objets tenus,982
754,Sablenite,Objets tenus,443
755,Altarianite,Objets tenus,378
756,Galladite,Objets tenus,223
757,Audinite,Objets tenus,245
758,Metagrossite,Objets tenus,119
759,Sharpedonite,Objets tenus,333
760,Slowbronite,Objets tenus,873
761,Steelixite,Objets tenus,313
762,Pidgeotite,Objets tenus,373
763,Glalitite,Objets tenus,722
764,Diancite,Objets tenus,805
765,Prison Bottle,Objets tenus,316
767,Cameruptite,Objets tenus,111
768,Lopunnite,Objets tenus,193
769,Salamencite,Objets tenus,381
770,Beedrillite,Objets tenus,139
772,Meteorite,elements cles,862
773,Key Stone,elements cles,876
774,Meteorite Shard,elements cles,156
775,Eon Flute,elements cles,762
795,Bottle Cap,Objets generaux,761
796,Gold Bottle Cap,Objets generaux,891
797,Z-Ring,elements cles,116
807,Normalium Z,Objets tenus,607
808,Firium Z,Objets tenus,795
809,Waterium Z,Objets tenus,946
810,Electrium Z,Objets tenus,377
811,Grassium Z,Objets tenus,958
812,Icium Z,Objets tenus,164
813,Fightinium Z,Objets tenus,882
814,Poisonium Z,Objets tenus,521
815,Groundium Z,Objets tenus,958
816,Flyinium Z,Objets tenus,745
817,Psychium Z,Objets tenus,386
818,Buginium Z,Objets tenus,502
819,Rockium Z,Objets tenus,734
820,Ghostium Z,Objets tenus,239
821,Dragonium Z,Objets tenus,442
822,Darkinium Z,Objets tenus,572
823,Steelium Z,Objets tenus,851
824,Fairium Z,Objets tenus,166
825,Pikanium Z,Objets tenus,541
826,Decidium Z,Objets tenus,454
827,Incinium Z,Objets tenus,305
828,Primarium Z,Objets tenus,336
829,Tapunium Z,Objets tenus,573
830,Marshadium Z,Objets tenus,767
831,Aloraichium Z,Objets tenus,243
832,Snorlium Z,Objets tenus,790
833,Eevium Z,Objets tenus,182
834,Mewnium Z,Objets tenus,690
836,Pikashunium Z,Objets tenus,652
841,Forage Bag,elements cles,276
843,Professor\'s Mask,elements cles,596
844,Festival Ticket,Objets generaux,883
845,Sparkling Stone,elements cles,861
846,Adrenaline Orb,Objets tenus,131
847,Zygarde Cube,elements cles,499
849,Ice Stone,Objets generaux,684
850,Ride Pager,elements cles,478
851,Beast Ball,Pokeballs,645
852,Big Malasada,Medecine,952
853,Red Nectar,Objets tenus,911
854,Yellow Nectar,Objets tenus,352
855,Pink Nectar,Objets tenus,500
856,Purple Nectar,Objets tenus,908
857,Sun Flute,elements cles,135
858,Moon Flute,elements cles,479
860,Enigmatic Card,elements cles,396
872,Secret Key,elements cles,246
873,S.S. Ticket,elements cles,297
875,Parcel,elements cles,559
876,Card Key,elements cles,753
879,Terrain Extender,Objets tenus,133
880,Protective Pads,Objets tenus,113
881,Electric Seed,Objets tenus,1000
882,Psychic Seed,Objets tenus,756
883,Misty Seed,Objets tenus,943
884,Grassy Seed,Objets tenus,203
904,Fighting Memory,Objets tenus,317
905,Flying Memory,Objets tenus,128
906,Poison Memory,Objets tenus,173
907,Ground Memory,Objets tenus,367
908,Rock Memory,Objets tenus,870
909,Bug Memory,Objets tenus,662
910,Ghost Memory,Objets tenus,388
911,Steel Memory,Objets tenus,869
912,Fire Memory,Objets tenus,862
913,Water Memory,Objets tenus,601
914,Grass Memory,Objets tenus,698
915,Electric Memory,Objets tenus,639
916,Psychic Memory,Objets tenus,223
917,Ice Memory,Objets tenus,158
918,Dragon Memory,Objets tenus,951
919,Dark Memory,Objets tenus,506
920,Fairy Memory,Objets tenus,816
927,Solganium Z,Objets tenus,885
928,Lunalium Z,Objets tenus,888
929,Ultranecrozium Z,Objets tenus,219
930,Mimikium Z,Objets tenus,136
931,Lycanium Z,Objets tenus,689
932,Kommonium Z,Objets tenus,796
934,Pink Petal,elements cles,334
935,Orange Petal,elements cles,985
936,Blue Petal,elements cles,164
937,Red Petal,elements cles,884
938,Green Petal,elements cles,588
939,Yellow Petal,elements cles,194
940,Purple Petal,elements cles,519
941,Rainbow Flower,elements cles,179
942,Surge Badge,elements cles,558
945,N-Solarizer,elements cles,548
946,N-Lunarizer,elements cles,952
948,Left Poke Ball,elements cles,280
949,Roto Hatch,Items de combats,109
950,Roto Bargain,Items de combats,811
951,Roto Prize Money,Items de combats,140
952,Roto Exp. Points,Items de combats,221
953,Roto Friendship,Items de combats,895
954,Roto Encounter,Items de combats,572
955,Roto Stealth,Items de combats,345
956,Roto HP Restore,Items de combats,899
957,Roto PP Restore,Items de combats,373
958,Roto Boost,Items de combats,503
959,Roto Catch,Items de combats,649
960,Health Candy,Medecine,167
961,Mighty Candy,Medecine,300
962,Tough Candy,Medecine,681
963,Smart Candy,Medecine,111
964,Courage Candy,Medecine,351
965,Quick Candy,Medecine,508
966,Health Candy L,Medecine,875
967,Mighty Candy L,Medecine,359
968,Tough Candy L,Medecine,391
969,Smart Candy L,Medecine,367
970,Courage Candy L,Medecine,762
971,Quick Candy L,Medecine,890
972,Health Candy XL,Medecine,312
973,Mighty Candy XL,Medecine,105
974,Tough Candy XL,Medecine,752
975,Smart Candy XL,Medecine,312
976,Courage Candy XL,Medecine,326
977,Quick Candy XL,Medecine,896
1075,Pokemon Box Link,elements cles,114
1076,Wishing Star,elements cles,960
1077,Dynamax Band,elements cles,683
1080,Fishing Rod,elements cles,306
1084,Sausages,Objets generaux,474
1085,Bob\'s Food Tin,Objets generaux,890
1086,Bach\'s Food Tin,Objets generaux,309
1087,Tin of Beans,Objets generaux,195
1088,Bread,Objets generaux,213
1089,Pasta,Objets generaux,605
1090,Mixed Mushrooms,Objets generaux,534
1091,Smoke-Poke Tail,Objets generaux,517
1092,Large Leek,Objets generaux,180
1093,Fancy Apple,Objets generaux,869
1094,Brittle Bones,Objets generaux,116
1095,Pack of Potatoes,Objets generaux,194
1096,Pungent Root,Objets generaux,337
1097,Salad Mix,Objets generaux,753
1098,Fried Food,Objets generaux,603
1099,Boiled Egg,Objets generaux,530
1100,Camping Gear,elements cles,660
1103,Rusted Sword,elements cles,380
1104,Rusted Shield,elements cles,916
1105,Fossilized Bird,Objets generaux,130
1106,Fossilized Fish,Objets generaux,766
1107,Fossilized Drake,Objets generaux,857
1108,Fossilized Dino,Objets generaux,544
1109,Strawberry Sweet,Objets tenus,973
1110,Love Sweet,Objets tenus,427
1111,Berry Sweet,Objets tenus,582
1112,Clover Sweet,Objets tenus,565
1113,Flower Sweet,Objets tenus,732
1114,Star Sweet,Objets tenus,296
1115,Ribbon Sweet,Objets tenus,157
1116,Sweet Apple,Objets tenus,578
1117,Tart Apple,Objets tenus,934
1118,Throat Spray,Objets tenus,118
1119,Eject Pack,Objets tenus,652
1120,Heavy-Duty Boots,Objets tenus,967
1121,Blunder Policy,Objets tenus,682
1122,Room Service,Objets tenus,472
1123,Utility Umbrella,Objets tenus,426
1124,Exp. Candy XS,Medecine,555
1125,Exp. Candy S,Medecine,754
1126,Exp. Candy M,Medecine,156
1127,Exp. Candy L,Medecine,900
1128,Exp. Candy XL,Medecine,441
1129,Dynamax Candy,Medecine,503
1130,TR00,Machines,208
1131,TR01,Machines,549
1132,TR02,Machines,223
1133,TR03,Machines,736
1134,TR04,Machines,588
1135,TR05,Machines,513
1136,TR06,Machines,912
1137,TR07,Machines,266
1138,TR08,Machines,561
1139,TR09,Machines,487
1140,TR10,Machines,618
1141,TR11,Machines,114
1142,TR12,Machines,495
1143,TR13,Machines,568
1144,TR14,Machines,832
1145,TR15,Machines,158
1146,TR16,Machines,383
1147,TR17,Machines,825
1148,TR18,Machines,390
1149,TR19,Machines,925
1150,TR20,Machines,730
1151,TR21,Machines,939
1152,TR22,Machines,198
1153,TR23,Machines,156
1154,TR24,Machines,121
1155,TR25,Machines,937
1156,TR26,Machines,681
1157,TR27,Machines,346
1158,TR28,Machines,362
1159,TR29,Machines,239
1160,TR30,Machines,770
1161,TR31,Machines,671
1162,TR32,Machines,826
1163,TR33,Machines,537
1164,TR34,Machines,947
1165,TR35,Machines,788
1166,TR36,Machines,178
1167,TR37,Machines,148
1168,TR38,Machines,815
1169,TR39,Machines,238
1170,TR40,Machines,169
1171,TR41,Machines,172
1172,TR42,Machines,279
1173,TR43,Machines,840
1174,TR44,Machines,287
1175,TR45,Machines,910
1176,TR46,Machines,535
1177,TR47,Machines,537
1178,TR48,Machines,544
1179,TR49,Machines,255
1180,TR50,Machines,207
1181,TR51,Machines,234
1182,TR52,Machines,943
1183,TR53,Machines,188
1184,TR54,Machines,268
1185,TR55,Machines,246
1186,TR56,Machines,701
1187,TR57,Machines,609
1188,TR58,Machines,974
1189,TR59,Machines,495
1190,TR60,Machines,841
1191,TR61,Machines,174
1192,TR62,Machines,171
1193,TR63,Machines,874
1194,TR64,Machines,684
1195,TR65,Machines,970
1196,TR66,Machines,600
1197,TR67,Machines,655
1198,TR68,Machines,958
1199,TR69,Machines,815
1200,TR70,Machines,369
1201,TR71,Machines,685
1202,TR72,Machines,965
1203,TR73,Machines,525
1204,TR74,Machines,602
1205,TR75,Machines,969
1206,TR76,Machines,886
1207,TR77,Machines,248
1208,TR78,Machines,248
1209,TR79,Machines,637
1210,TR80,Machines,731
1211,TR81,Machines,658
1212,TR82,Machines,859
1213,TR83,Machines,167
1214,TR84,Machines,912
1215,TR85,Machines,597
1216,TR86,Machines,257
1217,TR87,Machines,264
1218,TR88,Machines,611
1219,TR89,Machines,191
1220,TR90,Machines,734
1221,TR91,Machines,202
1222,TR92,Machines,193
1223,TR93,Machines,292
1224,TR94,Machines,279
1225,TR95,Machines,475
1227,TR97,Machines,989
1228,TR98,Machines,881
1229,TR99,Machines,802
1230,TM00,Machines,804
1231,Lonely Mint,Items de combats,849
1232,Adamant Mint,Items de combats,759
1233,Naughty Mint,Items de combats,453
1234,Brave Mint,Items de combats,499
1235,Bold Mint,Items de combats,270
1236,Impish Mint,Items de combats,580
1237,Lax Mint,Items de combats,159
1238,Relaxed Mint,Items de combats,654
1239,Modest Mint,Items de combats,758
1240,Mild Mint,Items de combats,953
1241,Rash Mint,Items de combats,990
1242,Quiet Mint,Items de combats,898
1243,Calm Mint,Items de combats,278
1244,Gentle Mint,Items de combats,469
1245,Careful Mint,Items de combats,302
1246,Sassy Mint,Items de combats,865
1247,Timid Mint,Items de combats,592
1248,Hasty Mint,Items de combats,944
1249,Jolly Mint,Items de combats,294
1250,Naive Mint,Items de combats,176
1251,Serious Mint,Items de combats,577
1252,Wishing Piece,Objets generaux,331
1253,Cracked Pot,Objets tenus,619
1254,Chipped Pot,Objets tenus,951
1255,Hi-tech Earbuds,Objets tenus,291
1256,Fruit Bunch,Objets generaux,278
1257,Moomoo Cheese,Objets generaux,849
1258,Spice Mix,Objets generaux,506
1259,Fresh Cream,Objets generaux,656
1260,Packaged Curry,Objets generaux,381
1261,Coconut Milk,Objets generaux,822
1262,Instant Noodles,Objets generaux,108
1263,Precooked Burger,Objets generaux,258
1264,Gigantamix,Objets generaux,962
1265,Wishing Chip,elements cles,580
1266,Rotom Bike,elements cles,477
1267,Catching Charm,elements cles,817
1269,Old Letter,elements cles,999
1270,Band Autograph,elements cles,959
1271,Sonia\'s Book,elements cles,718
1278,Rotom Catalog,elements cles,636
